{
  "component": {
    "alert": {
      "color": {
        "background": {
          "info": {
            "value": "{semantic.color.palette.primary.$background}",
            "type": "color"
          },
          "warning": {
            "value": "{semantic.color.palette.warning.$background}",
            "type": "color"
          },
          "success": {
            "value": "{semantic.color.palette.success.$background}",
            "type": "color"
          },
          "danger": {
            "value": "{semantic.color.palette.danger.$background}",
            "type": "color"
          }
        },
        "border": {
          "info": {
            "value": "{semantic.color.palette.primary.$border}",
            "type": "color"
          },
          "warning": {
            "value": "{semantic.color.palette.warning.$border}",
            "type": "color"
          },
          "success": {
            "value": "{semantic.color.palette.success.$border}",
            "type": "color"
          },
          "danger": {
            "value": "{semantic.color.palette.danger.$border}",
            "type": "color"
          }
        },
        "icon": {
          "main": {
            "info": {
              "value": "{semantic.color.palette.primary.$base}",
              "type": "color"
            },
            "warning": {
              "value": "{semantic.color.palette.warning.$base}",
              "type": "color"
            },
            "success": {
              "value": "{semantic.color.palette.success.$base}",
              "type": "color"
            },
            "danger": {
              "value": "{semantic.color.palette.danger.$base}",
              "type": "color"
            }
          },
          "close": {
            "info": {
              "value": "$semantic.color.text-content.$strong",
              "type": "color"
            },
            "warning": {
              "value": "$semantic.color.text-content.$strong",
              "type": "color"
            },
            "success": {
              "value": "$semantic.color.text-content.$strong",
              "type": "color"
            },
            "danger": {
              "value": "$semantic.color.text-content.$strong",
              "type": "color"
            }
          }
        },
        "text": {
          "title": {
            "info": {
              "value": "$semantic.color.text-content.$strongest",
              "type": "color"
            },
            "warning": {
              "value": "$semantic.color.text-content.$strongest",
              "type": "color"
            },
            "success": {
              "value": "$semantic.color.text-content.$strongest",
              "type": "color"
            },
            "danger": {
              "value": "$semantic.color.text-content.$strongest",
              "type": "color"
            }
          },
          "description": {
            "info": {
              "value": "$semantic.color.text-content.$strongest",
              "type": "color"
            },
            "warning": {
              "value": "$semantic.color.text-content.$strongest",
              "type": "color"
            },
            "success": {
              "value": "$semantic.color.text-content.$strongest",
              "type": "color"
            },
            "danger": {
              "value": "$semantic.color.text-content.$strongest",
              "type": "color"
            }
          }
        }
      },
      "spacing": {
        "gap": {
          "horizontal": {
            "value": "{aux-spacing.alert.gap.horizontal}",
            "type": "spacing"
          },
          "vertical": {
            "value": "{aux-spacing.alert.gap.vertical}",
            "type": "spacing"
          }
        },
        "padding": {
          "horizontal": {
            "value": "{aux-spacing.alert.padding.horizontal}",
            "type": "spacing"
          },
          "vertical": {
            "value": "{aux-spacing.alert.padding.vertical}",
            "type": "spacing"
          }
        }
      },
      "border-width": {
        "hearder-on": {
          "left": {
            "value": "{semantic.border.width.filled-component}",
            "type": "borderWidth"
          },
          "right": {
            "value": "{semantic.border.width.filled-component}",
            "type": "borderWidth"
          },
          "top": {
            "value": "{semantic.border.width.filled-component}",
            "type": "borderWidth"
          },
          "bottom": {
            "value": "{semantic.border.width.filled-component}",
            "type": "borderWidth"
          }
        },
        "hearder-off": {
          "left": {
            "value": "{semantic.border.width.outline-component}",
            "type": "borderWidth"
          },
          "right": {
            "value": "{semantic.border.width.outline-component}",
            "type": "borderWidth"
          },
          "top": {
            "value": "{semantic.border.width.outline-component}",
            "type": "borderWidth"
          },
          "bottom": {
            "value": "{semantic.border.width.outline-component}",
            "type": "borderWidth"
          }
        }
      },
      "box-shadow": {
        "header-off": {
          "value": "{semantic.box-shadow.floating}",
          "type": "boxShadow"
        }
      }
    }
  }
}