{
  "component": {
    "avatar": {
      "color": {
        "background": {
          "blue": {
            "value": "{semantic.color.palette.primary.$base}",
            "type": "color"
          },
          "purple": {
            "value": "{semantic.color.palette.purple.$base}",
            "type": "color"
          },
          "magenta": {
            "value": "{semantic.color.palette.magenta.$base}",
            "type": "color"
          },
          "red": {
            "value": "{semantic.color.palette.danger.$base}",
            "type": "color"
          },
          "orange": {
            "value": "{semantic.color.palette.orange.$base}",
            "type": "color"
          },
          "green": {
            "value": "{semantic.color.palette.success.$base}",
            "type": "color"
          },
          "teal": {
            "value": "{semantic.color.palette.teal.$base}",
            "type": "color"
          }
        },
        "content": {
          "text": {
            "value": "{semantic.color.text-content.$lightest}",
            "type": "color"
          },
          "icon": {
            "value": "{semantic.color.text-content.$lightest}",
            "type": "color"
          }
        }
      },
      "sizing": {
        "height": {
          "value": "{semantic.sizing.$component-default}",
          "type": "sizing"
        },
        "width": {
          "value": "{semantic.sizing.$component-default}",
          "type": "sizing"
        }
      },
      "border-radius": {
        "rounded": {
          "value": "{semantic.border-radius.full}",
          "type": "borderRadius"
        },
        "square": {
          "value": "{semantic.border-radius.none}",
          "type": "borderRadius"
        }
      },
      "typography": {
        "avatar-label": {
          "value": "{semantic.typography.label}",
          "type": "typography"
        }
      }
    }
  }
}