{
  "component": {
    "badge": {
      "size": {
        "number": {
          "height": {
            "value": "{semantic.sizing.$inside-component}",
            "type": "sizing"
          }
        },
        "dot": {
          "height": {
            "value": "$semantic.sizing.$micro-element",
            "type": "sizing"
          },
          "width": {
            "value": "$semantic.sizing.$micro-element",
            "type": "sizing"
          }
        },
        "icon": {
          "height": {
            "value": "$component.badge.size.number.height",
            "type": "sizing"
          },
          "width": {
            "value": "$component.badge.size.number.height",
            "type": "sizing"
          }
        }
      },
      "spacing": {
        "padding": {
          "number": {
            "left": {
              "value": "{aux-spacing.badge.padding.number.left}",
              "type": "spacing"
            },
            "right": {
              "value": "{aux-spacing.badge.padding.number.right}",
              "type": "spacing"
            },
            "top": {
              "value": "{aux-spacing.badge.padding.number.top}",
              "type": "spacing"
            },
            "bottom": {
              "value": "{aux-spacing.badge.padding.number.bottom}",
              "type": "spacing"
            }
          },
          "dot": {
            "left": {
              "value": "{aux-spacing.badge.padding.dot.left}",
              "type": "spacing"
            },
            "right": {
              "value": "{aux-spacing.badge.padding.dot.right}",
              "type": "spacing"
            },
            "top": {
              "value": "{aux-spacing.badge.padding.dot.top}",
              "type": "spacing"
            },
            "bottom": {
              "value": "{aux-spacing.badge.padding.dot.bottom}",
              "type": "spacing"
            }
          },
          "icon": {
            "left": {
              "value": "{aux-spacing.badge.padding.icon.left}",
              "type": "spacing"
            },
            "right": {
              "value": "{aux-spacing.badge.padding.icon.right}",
              "type": "spacing"
            },
            "top": {
              "value": "{aux-spacing.badge.padding.icon.top}",
              "type": "spacing"
            },
            "bottom": {
              "value": "{aux-spacing.badge.padding.icon.bottom}",
              "type": "spacing"
            }
          }
        }
      },
      "border-radius": {
        "number": {
          "value": "{semantic.border-radius.full}",
          "type": "borderRadius"
        },
        "dot": {
          "value": "{semantic.border-radius.full}",
          "type": "borderRadius"
        },
        "icon": {
          "value": "{semantic.border-radius.none}",
          "type": "borderRadius"
        }
      },
      "border-width": {
        "number": {
          "value": "{semantic.border.width.filled-component}",
          "type": "borderWidth"
        },
        "dot": {
          "value": "{semantic.border.width.outline-component}",
          "type": "borderWidth"
        },
        "icon": {
          "value": "{semantic.border.width.filled-component}",
          "type": "borderWidth"
        }
      },
      "color": {
        "background": {
          "number": {
            "value": "$semantic.color.indicator",
            "type": "color"
          },
          "dot": {
            "value": "$semantic.color.indicator",
            "type": "color"
          },
          "icon": {
            "value": "$semantic.color.background.level.$ground",
            "type": "color"
          }
        },
        "border": {
          "number": {
            "value": "$semantic.color.indicator",
            "type": "color"
          },
          "dot-white": {
            "value": "$semantic.color.border.$border-weakest",
            "type": "color"
          },
          "dot-gray": {
            "value": "$semantic.color.border.$border-weaker",
            "type": "color"
          },
          "icon": {
            "value": "$semantic.color.background.level.$ground",
            "type": "color"
          }
        },
        "content": {
          "number": {
            "value": "$semantic.color.text-content.$lightest",
            "type": "color"
          },
          "icon": {
            "value": "$semantic.color.indicator",
            "type": "color"
          }
        }
      },
      "opacity": {
        "background": {
          "number": {
            "value": "{semantic.opacity.solid}",
            "type": "opacity"
          },
          "dot": {
            "value": "{semantic.opacity.solid}",
            "type": "opacity"
          },
          "icon": {
            "value": "{semantic.opacity.invisible}",
            "type": "opacity"
          }
        }
      },
      "typography": {
        "label-badge": {
          "value": "{semantic.typography.label}",
          "type": "typography"
        }
      }
    }
  }
}