{
  "component": {
    "breadcrumb": {
      "spacing": {
        "gap": {
          "horizontal": {
            "value": "{aux-spacing.breadcrumb.gap.horizontal}",
            "type": "spacing"
          }
        }
      },
      "color": {
        "link": {
          "previous-level": {
            "value": "{semantic.color.text-content.$brand}",
            "type": "color"
          },
          "home-icon": {
            "value": "{semantic.color.text-content.$brand}",
            "type": "color"
          },
          "current-level": {
            "value": "$semantic.color.text-content.$strongest",
            "type": "color"
          },
          "slash": {
            "value": "$semantic.color.text-content.$strongest",
            "type": "color"
          },
          "dropdown-icon": {
            "value": "$semantic.color.text-content.$strongest",
            "type": "color"
          }
        },
        "plain": {
          "previous-level": {
            "value": "$semantic.color.text-content.$strongest",
            "type": "color"
          },
          "home-icon": {
            "value": "$semantic.color.text-content.$strongest",
            "type": "color"
          },
          "current-level": {
            "value": "$semantic.color.text-content.$strongest",
            "type": "color"
          },
          "slash": {
            "value": "$semantic.color.text-content.$strongest",
            "type": "color"
          },
          "dropdown-icon": {
            "value": "$semantic.color.text-content.$strongest",
            "type": "color"
          }
        }
      },
      "typography": {
        "levels": {
          "value": "{semantic.typography.label}",
          "type": "typography"
        }
      },
      "sizing": {
        "icon-size": {
          "value": "{semantic.sizing.$inside-component}",
          "type": "sizing"
        }
      }
    }
  }
}