{
  "component": {
    "button": {
      "color": {
        "background": {
          "brand": {
            "primary": {
              "$base": {
                "value": "{semantic.color.palette.primary.$base}",
                "type": "color"
              },
              "$hover": {
                "value": "{semantic.color.palette.primary.$hover}",
                "type": "color"
              },
              "$active": {
                "value": "{semantic.color.palette.primary.$active}",
                "type": "color"
              },
              "$disabled": {
                "value": "$semantic.color.disabled.background",
                "type": "color"
              },
              "$loading": {
                "value": "{semantic.color.palette.primary.$loading}",
                "type": "color"
              }
            },
            "secondary": {
              "$base": {
                "value": "$semantic.color.background.level.$ground",
                "type": "color"
              },
              "$hover": {
                "value": "$semantic.color.background.level.$ground",
                "type": "color"
              },
              "$active": {
                "value": "$semantic.color.background.level.$ground",
                "type": "color"
              },
              "$loading": {
                "value": "$semantic.color.disabled.background",
                "type": "color"
              },
              "$disabled": {
                "value": "$semantic.color.background.level.$ground",
                "type": "color"
              }
            },
            "tertiary": {
              "$base": {
                "value": "$semantic.color.background.level.$ground",
                "type": "color"
              },
              "$hover": {
                "value": "$semantic.color.background.level.$ground",
                "type": "color"
              },
              "$active": {
                "value": "$semantic.color.background.level.$ground",
                "type": "color"
              },
              "$loading": {
                "value": "$semantic.color.disabled.background",
                "type": "color"
              },
              "$disabled": {
                "value": "$semantic.color.background.level.$ground",
                "type": "color"
              }
            }
          },
          "danger": {
            "primary": {
              "$base": {
                "value": "{semantic.color.palette.danger.$base}",
                "type": "color"
              },
              "$hover": {
                "value": "{semantic.color.palette.danger.$hover}",
                "type": "color"
              },
              "$active": {
                "value": "{semantic.color.palette.danger.$active}",
                "type": "color"
              },
              "$disabled": {
                "value": "$semantic.color.disabled.background",
                "type": "color"
              },
              "$loading": {
                "value": "$semantic.color.palette.danger.$loading",
                "type": "color"
              }
            },
            "secondary": {
              "$base": {
                "value": "$semantic.color.background.level.$ground",
                "type": "color"
              },
              "$hover": {
                "value": "$semantic.color.background.level.$ground",
                "type": "color"
              },
              "$active": {
                "value": "$semantic.color.background.level.$ground",
                "type": "color"
              },
              "$loading": {
                "value": "$semantic.color.disabled.background",
                "type": "color"
              },
              "$disabled": {
                "value": "$semantic.color.background.level.$ground",
                "type": "color"
              }
            },
            "tertiary": {
              "$base": {
                "value": "$semantic.color.background.level.$ground",
                "type": "color"
              },
              "$hover": {
                "value": "$semantic.color.background.level.$ground",
                "type": "color"
              },
              "$active": {
                "value": "$semantic.color.background.level.$ground",
                "type": "color"
              },
              "$loading": {
                "value": "$semantic.color.disabled.background",
                "type": "color"
              },
              "$disabled": {
                "value": "$semantic.color.background.level.$ground",
                "type": "color"
              }
            }
          },
          "warning": {
            "primary": {
              "$base": {
                "value": "{semantic.color.palette.warning.$base}",
                "type": "color"
              },
              "$hover": {
                "value": "{semantic.color.palette.warning.$hover}",
                "type": "color"
              },
              "$active": {
                "value": "{semantic.color.palette.warning.$active}",
                "type": "color"
              },
              "$disabled": {
                "value": "$semantic.color.disabled.background",
                "type": "color"
              },
              "$loading": {
                "value": "$semantic.color.palette.warning.$loading",
                "type": "color"
              }
            },
            "secondary": {
              "$base": {
                "value": "$semantic.color.background.level.$ground",
                "type": "color"
              },
              "$hover": {
                "value": "$semantic.color.background.level.$ground",
                "type": "color"
              },
              "$active": {
                "value": "$semantic.color.background.level.$ground",
                "type": "color"
              },
              "$loading": {
                "value": "$semantic.color.background.level.$ground",
                "type": "color"
              },
              "$disabled": {
                "value": "$semantic.color.disabled.background",
                "type": "color"
              }
            }
          },
          "text": {
            "$base": {
              "value": "{semantic.color.palette.neutral.$base}",
              "type": "color"
            },
            "$hover": {
              "value": "{semantic.color.palette.neutral.$hover}",
              "type": "color"
            },
            "$active": {
              "value": "{semantic.color.palette.neutral.$active}",
              "type": "color"
            },
            "$disabled": {
              "value": "$semantic.color.disabled.background",
              "type": "color"
            },
            "$loading": {
              "value": "$semantic.color.palette.neutral.$loading",
              "type": "color"
            }
          },
          "ghost": {
            "$base": {
              "value": "{semantic.color.palette.neutral.$base}",
              "type": "color"
            },
            "$hover": {
              "value": "{semantic.color.palette.neutral.$hover}",
              "type": "color"
            },
            "$active": {
              "value": "{semantic.color.palette.neutral.$active}",
              "type": "color"
            },
            "$disabled": {
              "value": "$semantic.color.disabled.background",
              "type": "color"
            },
            "$loading": {
              "value": "$semantic.color.palette.neutral.$loading",
              "type": "color"
            }
          }
        },
        "border": {
          "brand": {
            "primary": {
              "$base": {
                "value": "{semantic.color.palette.primary.$base}",
                "type": "color"
              },
              "$hover": {
                "value": "{semantic.color.palette.primary.$hover}",
                "type": "color"
              },
              "$active": {
                "value": "{semantic.color.palette.primary.$active}",
                "type": "color"
              },
              "$disabled": {
                "value": "$semantic.color.disabled.border",
                "type": "color"
              },
              "$loading": {
                "value": "{semantic.color.palette.primary.$loading}",
                "type": "color"
              }
            },
            "secondary": {
              "$base": {
                "value": "{semantic.color.palette.primary.$base}",
                "type": "color"
              },
              "$hover": {
                "value": "{semantic.color.palette.primary.$hover}",
                "type": "color"
              },
              "$active": {
                "value": "{semantic.color.palette.primary.$active}",
                "type": "color"
              },
              "$disabled": {
                "value": "$semantic.color.disabled.border",
                "type": "color"
              },
              "$loading": {
                "value": "{semantic.color.palette.primary.$loading}",
                "type": "color"
              }
            },
            "tertiary": {
              "$base": {
                "value": "{semantic.color.palette.primary.$base}",
                "type": "color"
              },
              "$hover": {
                "value": "{semantic.color.palette.primary.$hover}",
                "type": "color"
              },
              "$active": {
                "value": "{semantic.color.palette.primary.$active}",
                "type": "color"
              },
              "$disabled": {
                "value": "$semantic.color.disabled.border",
                "type": "color"
              },
              "$loading": {
                "value": "{semantic.color.palette.primary.$loading}",
                "type": "color"
              }
            }
          },
          "danger": {
            "primary": {
              "$base": {
                "value": "{semantic.color.palette.danger.$base}",
                "type": "color"
              },
              "$hover": {
                "value": "{semantic.color.palette.danger.$hover}",
                "type": "color"
              },
              "$active": {
                "value": "{semantic.color.palette.danger.$active}",
                "type": "color"
              },
              "$disabled": {
                "value": "$semantic.color.disabled.border",
                "type": "color"
              },
              "$loading": {
                "value": "$semantic.color.palette.danger.$loading",
                "type": "color"
              }
            },
            "secondary": {
              "$base": {
                "value": "{semantic.color.palette.danger.$base}",
                "type": "color"
              },
              "$hover": {
                "value": "{semantic.color.palette.danger.$hover}",
                "type": "color"
              },
              "$active": {
                "value": "{semantic.color.palette.danger.$active}",
                "type": "color"
              },
              "$disabled": {
                "value": "$semantic.color.disabled.border",
                "type": "color"
              },
              "$loading": {
                "value": "$semantic.color.palette.danger.$loading",
                "type": "color"
              }
            },
            "tertiary": {
              "$base": {
                "value": "{semantic.color.palette.danger.$base}",
                "type": "color"
              },
              "$hover": {
                "value": "{semantic.color.palette.danger.$hover}",
                "type": "color"
              },
              "$active": {
                "value": "{semantic.color.palette.danger.$active}",
                "type": "color"
              },
              "$disabled": {
                "value": "$semantic.color.disabled.border",
                "type": "color"
              },
              "$loading": {
                "value": "$semantic.color.palette.danger.$loading",
                "type": "color"
              }
            }
          },
          "warning": {
            "primary": {
              "$base": {
                "value": "{semantic.color.palette.warning.$base}",
                "type": "color"
              },
              "$hover": {
                "value": "{semantic.color.palette.warning.$hover}",
                "type": "color"
              },
              "$active": {
                "value": "{semantic.color.palette.warning.$active}",
                "type": "color"
              },
              "$disabled": {
                "value": "$semantic.color.disabled.border",
                "type": "color"
              },
              "$loading": {
                "value": "{semantic.color.palette.warning.$loading}",
                "type": "color"
              }
            },
            "secondary": {
              "$base": {
                "value": "{semantic.color.palette.warning.$base}",
                "type": "color"
              },
              "$hover": {
                "value": "{semantic.color.palette.warning.$hover}",
                "type": "color"
              },
              "$active": {
                "value": "{semantic.color.palette.warning.$active}",
                "type": "color"
              },
              "$disabled": {
                "value": "$semantic.color.disabled.border",
                "type": "color"
              },
              "$loading": {
                "value": "$semantic.color.palette.warning.$loading",
                "type": "color"
              }
            }
          },
          "text": {
            "$base": {
              "value": "{semantic.color.palette.neutral.$base}",
              "type": "color"
            },
            "$hover": {
              "value": "{semantic.color.palette.neutral.$hover}",
              "type": "color"
            },
            "$active": {
              "value": "{semantic.color.palette.neutral.$active}",
              "type": "color"
            },
            "$disabled": {
              "value": "$semantic.color.disabled.border",
              "type": "color"
            },
            "$loading": {
              "value": "$semantic.color.palette.neutral.$loading",
              "type": "color"
            }
          },
          "ghost": {
            "$base": {
              "value": "{semantic.color.palette.neutral.$base}",
              "type": "color"
            },
            "$hover": {
              "value": "{semantic.color.palette.neutral.$hover}",
              "type": "color"
            },
            "$active": {
              "value": "{semantic.color.palette.neutral.$active}",
              "type": "color"
            },
            "$disabled": {
              "value": "$semantic.color.disabled.border",
              "type": "color"
            },
            "$loading": {
              "value": "$semantic.color.palette.neutral.$loading",
              "type": "color"
            }
          }
        },
        "text": {
          "brand": {
            "primary": {
              "$base": {
                "value": "$semantic.color.palette.primary.$content",
                "type": "color"
              },
              "$hover": {
                "value": "{semantic.color.palette.primary.$content}",
                "type": "color"
              },
              "$active": {
                "value": "{semantic.color.palette.primary.$content}",
                "type": "color"
              },
              "$disabled": {
                "value": "$semantic.color.disabled.content",
                "type": "color"
              },
              "$loading": {
                "value": "{semantic.color.palette.primary.$content}",
                "type": "color"
              }
            },
            "secondary": {
              "$base": {
                "value": "$semantic.color.palette.primary.$base",
                "type": "color"
              },
              "$hover": {
                "value": "{semantic.color.palette.primary.$hover}",
                "type": "color"
              },
              "$active": {
                "value": "{semantic.color.palette.primary.$active}",
                "type": "color"
              },
              "$disabled": {
                "value": "$semantic.color.disabled.content",
                "type": "color"
              },
              "$loading": {
                "value": "{semantic.color.palette.primary.$loading}",
                "type": "color"
              }
            },
            "tertiary": {
              "$base": {
                "value": "$semantic.color.palette.primary.$base",
                "type": "color"
              },
              "$hover": {
                "value": "{semantic.color.palette.primary.$hover}",
                "type": "color"
              },
              "$active": {
                "value": "{semantic.color.palette.primary.$active}",
                "type": "color"
              },
              "$disabled": {
                "value": "$semantic.color.disabled.content",
                "type": "color"
              },
              "$loading": {
                "value": "{semantic.color.palette.primary.$loading}",
                "type": "color"
              }
            }
          },
          "danger": {
            "secondary": {
              "$base": {
                "value": "{semantic.color.palette.danger.$base}",
                "type": "color"
              },
              "$hover": {
                "value": "{semantic.color.palette.danger.$hover}",
                "type": "color"
              },
              "$active": {
                "value": "{semantic.color.palette.danger.$active}",
                "type": "color"
              },
              "$disabled": {
                "value": "$semantic.color.disabled.content",
                "type": "color"
              },
              "$loading": {
                "value": "$semantic.color.palette.danger.$loading",
                "type": "color"
              }
            },
            "primary": {
              "$base": {
                "value": "$semantic.color.palette.primary.$content",
                "type": "color"
              },
              "$hover": {
                "value": "{semantic.color.palette.primary.$content}",
                "type": "color"
              },
              "$active": {
                "value": "{semantic.color.palette.primary.$content}",
                "type": "color"
              },
              "$disabled": {
                "value": "{semantic.color.palette.primary.$content-disabled}",
                "type": "color"
              },
              "$loading": {
                "value": "{semantic.color.palette.primary.$content}",
                "type": "color"
              }
            },
            "tertiary": {
              "$base": {
                "value": "{semantic.color.palette.danger.$base}",
                "type": "color"
              },
              "$hover": {
                "value": "{semantic.color.palette.danger.$hover}",
                "type": "color"
              },
              "$active": {
                "value": "{semantic.color.palette.danger.$active}",
                "type": "color"
              },
              "$disabled": {
                "value": "$semantic.color.disabled.content",
                "type": "color"
              },
              "$loading": {
                "value": "$semantic.color.palette.danger.$loading",
                "type": "color"
              }
            }
          },
          "warning": {
            "primary": {
              "$base": {
                "value": "$semantic.color.text-content.$lightest",
                "type": "color"
              },
              "$hover": {
                "value": "$semantic.color.text-content.$lightest",
                "type": "color"
              },
              "$active": {
                "value": "$semantic.color.text-content.$lightest",
                "type": "color"
              },
              "$disabled": {
                "value": "$semantic.color.disabled.content",
                "type": "color"
              },
              "$loading": {
                "value": "$semantic.color.text-content.$lightest",
                "type": "color"
              }
            },
            "secondary": {
              "$base": {
                "value": "$semantic.color.text-content.$strongest",
                "type": "color"
              },
              "$hover": {
                "value": "$semantic.color.text-content.$strongest",
                "type": "color"
              },
              "$active": {
                "value": "$semantic.color.text-content.$strongest",
                "type": "color"
              },
              "$loading": {
                "value": "$semantic.color.disabled.content",
                "type": "color"
              },
              "$disabled": {
                "value": "$semantic.color.text-content.$strongest",
                "type": "color"
              }
            }
          },
          "text": {
            "$base": {
              "value": "{semantic.color.palette.neutral.$base}",
              "type": "color"
            },
            "$hover": {
              "value": "{semantic.color.palette.neutral.$hover}",
              "type": "color"
            },
            "$active": {
              "value": "{semantic.color.palette.neutral.$active}",
              "type": "color"
            },
            "$disabled": {
              "value": "$semantic.color.disabled.content",
              "type": "color"
            },
            "$loading": {
              "value": "$semantic.color.palette.neutral.$loading",
              "type": "color"
            }
          },
          "ghost": {
            "$base": {
              "value": "{semantic.color.palette.neutral.$base}",
              "type": "color"
            },
            "$hover": {
              "value": "{semantic.color.palette.neutral.$hover}",
              "type": "color"
            },
            "$active": {
              "value": "{semantic.color.palette.neutral.$active}",
              "type": "color"
            },
            "$disabled": {
              "value": "$semantic.color.disabled.content",
              "type": "color"
            },
            "$loading": {
              "value": "$semantic.color.palette.neutral.$loading",
              "type": "color"
            }
          }
        },
        "icon": {
          "brand": {
            "primary": {
              "$base": {
                "value": "$semantic.color.palette.primary.$content",
                "type": "color"
              },
              "$hover": {
                "value": "{semantic.color.palette.primary.$content}",
                "type": "color"
              },
              "$active": {
                "value": "{semantic.color.palette.primary.$content}",
                "type": "color"
              },
              "$disabled": {
                "value": "$semantic.color.disabled.content",
                "type": "color"
              },
              "$loading": {
                "value": "{semantic.color.palette.primary.$content}",
                "type": "color"
              }
            },
            "secondary": {
              "$base": {
                "value": "$semantic.color.palette.primary.$base",
                "type": "color"
              },
              "$hover": {
                "value": "{semantic.color.palette.primary.$hover}",
                "type": "color"
              },
              "$active": {
                "value": "{semantic.color.palette.primary.$active}",
                "type": "color"
              },
              "$disabled": {
                "value": "$semantic.color.disabled.content",
                "type": "color"
              },
              "$loading": {
                "value": "{semantic.color.palette.primary.$loading}",
                "type": "color"
              }
            },
            "tertiary": {
              "$base": {
                "value": "$semantic.color.palette.primary.$base",
                "type": "color"
              },
              "$hover": {
                "value": "{semantic.color.palette.primary.$hover}",
                "type": "color"
              },
              "$active": {
                "value": "{semantic.color.palette.primary.$active}",
                "type": "color"
              },
              "$disabled": {
                "value": "$semantic.color.disabled.content",
                "type": "color"
              },
              "$loading": {
                "value": "{semantic.color.palette.primary.$loading}",
                "type": "color"
              }
            }
          },
          "danger": {
            "secondary": {
              "$base": {
                "value": "{semantic.color.palette.danger.$base}",
                "type": "color"
              },
              "$hover": {
                "value": "{semantic.color.palette.danger.$hover}",
                "type": "color"
              },
              "$active": {
                "value": "{semantic.color.palette.danger.$active}",
                "type": "color"
              },
              "$disabled": {
                "value": "$semantic.color.disabled.content",
                "type": "color"
              },
              "$loading": {
                "value": "$semantic.color.palette.danger.$loading",
                "type": "color"
              }
            },
            "primary": {
              "$base": {
                "value": "$semantic.color.palette.primary.$content",
                "type": "color"
              },
              "$hover": {
                "value": "{semantic.color.palette.primary.$content}",
                "type": "color"
              },
              "$active": {
                "value": "{semantic.color.palette.primary.$content}",
                "type": "color"
              },
              "$disabled": {
                "value": "$semantic.color.disabled.content",
                "type": "color"
              },
              "$loading": {
                "value": "{semantic.color.palette.primary.$content}",
                "type": "color"
              }
            },
            "tertiary": {
              "$base": {
                "value": "{semantic.color.palette.danger.$base}",
                "type": "color"
              },
              "$hover": {
                "value": "{semantic.color.palette.danger.$hover}",
                "type": "color"
              },
              "$active": {
                "value": "{semantic.color.palette.danger.$active}",
                "type": "color"
              },
              "$disabled": {
                "value": "$semantic.color.disabled.content",
                "type": "color"
              },
              "$loading": {
                "value": "$semantic.color.palette.danger.$loading",
                "type": "color"
              }
            }
          },
          "warning": {
            "primary": {
              "$base": {
                "value": "$semantic.color.text-content.$lightest",
                "type": "color"
              },
              "$hover": {
                "value": "$semantic.color.text-content.$lightest",
                "type": "color"
              },
              "$active": {
                "value": "$semantic.color.text-content.$lightest",
                "type": "color"
              },
              "$disabled": {
                "value": "$semantic.color.disabled.content",
                "type": "color"
              },
              "$loading": {
                "value": "$semantic.color.text-content.$lightest",
                "type": "color"
              }
            },
            "secondary": {
              "$base": {
                "value": "$semantic.color.text-content.$strongest",
                "type": "color"
              },
              "$hover": {
                "value": "$semantic.color.text-content.$strongest",
                "type": "color"
              },
              "$active": {
                "value": "$semantic.color.text-content.$strongest",
                "type": "color"
              },
              "$loading": {
                "value": "$semantic.color.text-content.$strongest",
                "type": "color"
              },
              "$disabled": {
                "value": "$semantic.color.disabled.content",
                "type": "color"
              }
            }
          },
          "text": {
            "$base": {
              "value": "{semantic.color.palette.neutral.$base}",
              "type": "color"
            },
            "$hover": {
              "value": "{semantic.color.palette.neutral.$hover}",
              "type": "color"
            },
            "$active": {
              "value": "{semantic.color.palette.neutral.$active}",
              "type": "color"
            },
            "$disabled": {
              "value": "$semantic.color.disabled.content",
              "type": "color"
            },
            "$loading": {
              "value": "$semantic.color.palette.neutral.$loading",
              "type": "color"
            }
          },
          "ghost": {
            "$base": {
              "value": "{semantic.color.palette.neutral.$base}",
              "type": "color"
            },
            "$hover": {
              "value": "{semantic.color.palette.neutral.$hover}",
              "type": "color"
            },
            "$active": {
              "value": "{semantic.color.palette.neutral.$active}",
              "type": "color"
            },
            "$disabled": {
              "value": "$semantic.color.disabled.content",
              "type": "color"
            },
            "$loading": {
              "value": "$semantic.color.palette.neutral.$loading",
              "type": "color"
            }
          }
        }
      },
      "border-radius": {
        "brand": {
          "primary": {
            "value": "{semantic.border-radius.none}",
            "type": "borderRadius"
          },
          "secondary": {
            "value": "{semantic.border-radius.none}",
            "type": "borderRadius"
          },
          "tertiary": {
            "value": "{semantic.border-radius.none}",
            "type": "borderRadius"
          }
        },
        "danger": {
          "primary": {
            "value": "{semantic.border-radius.none}",
            "type": "borderRadius"
          },
          "secondary": {
            "value": "{semantic.border-radius.none}",
            "type": "borderRadius"
          },
          "tertiary": {
            "value": "{semantic.border-radius.none}",
            "type": "borderRadius"
          }
        },
        "warning": {
          "primary": {
            "value": "{semantic.border-radius.none}",
            "type": "borderRadius"
          },
          "secondary": {
            "value": "{semantic.border-radius.none}",
            "type": "borderRadius"
          }
        },
        "ghost": {
          "value": "{semantic.border-radius.none}",
          "type": "borderRadius"
        },
        "text": {
          "value": "{semantic.border-radius.none}",
          "type": "borderRadius"
        }
      },
      "size": {
        "height": {
          "value": "{semantic.sizing.$component-default}",
          "type": "sizing"
        }
      },
      "spacing": {
        "padding": {
          "left": {
            "value": "{semantic.spacing.constant-scale.sm}",
            "type": "spacing"
          },
          "right": {
            "value": "{semantic.spacing.constant-scale.sm}",
            "type": "spacing"
          },
          "top": {
            "value": "{semantic.spacing.constant-scale.none}",
            "type": "spacing"
          },
          "bottom": {
            "value": "{semantic.spacing.constant-scale.none}",
            "type": "spacing"
          }
        },
        "gap": {
          "horizontal": {
            "value": "{semantic.spacing.constant-scale.sm}",
            "type": "spacing"
          },
          "vertical": {
            "value": "{semantic.spacing.constant-scale.none}",
            "type": "spacing"
          }
        }
      },
      "border": {
        "width": {
          "brand": {
            "primary": {
              "value": "{semantic.border.width.filled-component}",
              "type": "borderWidth"
            },
            "secondary": {
              "value": "{semantic.border.width.outline-component}",
              "type": "borderWidth"
            },
            "tertiary": {
              "value": "{semantic.border.width.filled-component}",
              "type": "borderWidth"
            }
          },
          "ghost": {
            "value": "{semantic.border.width.outline-component}",
            "type": "borderWidth"
          },
          "text": {
            "value": "{semantic.border.width.filled-component}",
            "type": "borderWidth"
          },
          "danger": {
            "primary": {
              "value": "{semantic.border.width.filled-component}",
              "type": "borderWidth"
            },
            "secondary": {
              "value": "{semantic.border.width.outline-component}",
              "type": "borderWidth"
            },
            "tertiary": {
              "value": "{semantic.border.width.filled-component}",
              "type": "borderWidth"
            }
          },
          "warning": {
            "primary": {
              "value": "{semantic.border.width.filled-component}",
              "type": "borderWidth"
            },
            "secondary": {
              "value": "{semantic.border.width.outline-component}",
              "type": "borderWidth"
            }
          }
        }
      },
      "opacity": {
        "background": {
          "brand": {
            "primary": {
              "value": "{semantic.opacity.solid}",
              "type": "opacity"
            },
            "secondary": {
              "value": "{semantic.opacity.invisible}",
              "type": "opacity"
            },
            "tertiary": {
              "value": "{semantic.opacity.invisible}",
              "type": "opacity"
            }
          },
          "danger": {
            "primary": {
              "value": "{semantic.opacity.solid}",
              "type": "opacity"
            },
            "secondary": {
              "value": "{semantic.opacity.invisible}",
              "type": "opacity"
            },
            "tertiary": {
              "value": "{semantic.opacity.invisible}",
              "type": "opacity"
            }
          },
          "warning": {
            "primary": {
              "value": "{semantic.opacity.solid}",
              "type": "opacity"
            },
            "secondary": {
              "value": "{semantic.opacity.invisible}",
              "type": "opacity"
            }
          },
          "ghost": {
            "value": "{semantic.opacity.invisible}",
            "type": "opacity"
          },
          "text": {
            "value": "{semantic.opacity.invisible}",
            "type": "opacity"
          }
        }
      },
      "typography": {
        "label": {
          "value": "{semantic.typography.button-caption}",
          "type": "typography"
        }
      }
    }
  }
}