{
  "component": {
    "card": {
      "spacing": {
        "padding": {
          "left": {
            "value": "{aux-spacing.card.spacing.padding.left}",
            "type": "spacing"
          },
          "right": {
            "value": "{aux-spacing.card.spacing.padding.right}",
            "type": "spacing"
          },
          "top": {
            "value": "{aux-spacing.card.spacing.padding.top}",
            "type": "spacing"
          },
          "bottom": {
            "value": "{aux-spacing.card.spacing.padding.bottom}",
            "type": "spacing"
          }
        },
        "gap": {
          "card-item": {
            "vertical": {
              "value": "{aux-spacing.card.spacing.gap.card-item.vertical}",
              "type": "spacing"
            },
            "horizontal": {
              "value": "{aux-spacing.card.spacing.gap.card-item.horizontal}",
              "type": "spacing"
            }
          },
          "card-list": {
            "vertical": {
              "value": "{aux-spacing.card.spacing.gap.card-list.vertical}",
              "type": "spacing"
            }
          }
        }
      },
      "color": {
        "background": {
          "card-item": {
            "value": "{semantic.color.background.level.$ground}",
            "type": "color"
          },
          "color-footer": {
            "value": "$semantic.color.background.brand.$brand",
            "type": "color"
          }
        },
        "border": {
          "border-card": {
            "value": "{semantic.color.border.$border-weak}",
            "type": "color"
          }
        },
        "text": {
          "title": {
            "value": "{semantic.color.text-content.$strongest}",
            "type": "color"
          },
          "title-copy": {
            "value": "$semantic.color.text-content.$strong",
            "type": "color"
          },
          "description": {
            "value": "{semantic.color.text-content.$strongest}",
            "type": "color"
          },
          "identifier": {
            "value": "$semantic.color.text-content.$brand",
            "type": "color"
          }
        },
        "icon": {
          "menu": {
            "value": "{semantic.color.text-content.$strongest}",
            "type": "color"
          },
          "favorite": {
            "value": "{semantic.color.text-content.$strongest}",
            "type": "color"
          },
          "identifier": {
            "value": "$semantic.color.text-content.$brand",
            "type": "color"
          }
        }
      },
      "border-radius": {
        "top-left": {
          "value": "{semantic.border-radius.md}",
          "type": "borderRadius"
        },
        "top-right": {
          "value": "{semantic.border-radius.md}",
          "type": "borderRadius"
        },
        "bottom-left": {
          "value": "{semantic.border-radius.md}",
          "type": "borderRadius"
        },
        "bottom-right": {
          "value": "{semantic.border-radius.md}",
          "type": "borderRadius"
        }
      },
      "sizing": {
        "color-footer": {
          "height": {
            "value": "{semantic.sizing.$micro-element}",
            "type": "sizing"
          }
        }
      },
      "border-width": {
        "color-footer": {
          "left": {
            "value": "{semantic.border.width.outline-component}",
            "type": "borderWidth"
          },
          "right": {
            "value": "{semantic.border.width.outline-component}",
            "type": "borderWidth"
          },
          "top": {
            "value": "{semantic.border.width.outline-component}",
            "type": "borderWidth"
          },
          "bottom": {
            "value": "{semantic.border.width.filled-component}",
            "type": "borderWidth"
          }
        },
        "border-card": {
          "left": {
            "value": "{semantic.border.width.outline-component}",
            "type": "borderWidth"
          },
          "right": {
            "value": "{semantic.border.width.outline-component}",
            "type": "borderWidth"
          },
          "top": {
            "value": "{semantic.border.width.outline-component}",
            "type": "borderWidth"
          },
          "bottom": {
            "value": "{semantic.border.width.outline-component}",
            "type": "borderWidth"
          }
        }
      },
      "box-shadow": {
        "floating-card": {
          "value": "{primitive.elevation.$elevation-level-03}",
          "type": "boxShadow"
        }
      },
      "typography": {
        "identifier-label": {
          "value": "{semantic.typography.label}",
          "type": "typography"
        },
        "title-text": {
          "value": "{semantic.typography.xs-header}",
          "type": "typography"
        },
        "subtitle-text": {
          "value": "{semantic.typography.xxs-header}",
          "type": "typography"
        },
        "description": {
          "value": "{semantic.typography.content-text}",
          "type": "typography"
        }
      }
    }
  }
}