{
  "component": {
    "category-group": {
      "sizing": {
        "height": {
          "value": "{semantic.sizing.$component-default}",
          "type": "sizing"
        }
      },
      "spacing": {
        "horizontal": {
          "gap-item": {
            "value": "{aux-spacing.category-group.horizontal.gap-item}",
            "type": "spacing"
          },
          "gap": {
            "value": "{aux-spacing.category-group.horizontal.gap}",
            "type": "spacing"
          },
          "padding": {
            "value": "{aux-spacing.category-group.horizontal.padding}",
            "type": "spacing"
          }
        }
      },
      "color": {
        "background": {
          "unselected": {
            "value": "$semantic.color.background.level.$ground",
            "type": "color"
          },
          "unselected-hover": {
            "value": "$semantic.color.background.level.$ground",
            "type": "color"
          },
          "selected": {
            "value": "{semantic.color.palette.primary.$base}",
            "type": "color"
          },
          "selected-hover": {
            "value": "{semantic.color.palette.primary.$hover}",
            "type": "color"
          }
        },
        "border": {
          "unselected": {
            "value": "$semantic.color.border.$focus",
            "type": "color"
          },
          "unselected-hover": {
            "value": "$semantic.color.text-content.$brand-focus",
            "type": "color"
          },
          "selected": {
            "value": "$semantic.color.border.bg-agreement",
            "type": "color"
          },
          "selected-hover": {
            "value": "$semantic.color.border.bg-agreement",
            "type": "color"
          }
        },
        "text": {
          "unselected": {
            "value": "$semantic.color.text-content.$brand",
            "type": "color"
          },
          "unselected-hover": {
            "value": "$semantic.color.background.brand.$darker",
            "type": "color"
          },
          "selected": {
            "value": "$semantic.color.text-content.$lightest",
            "type": "color"
          },
          "selected-hover": {
            "value": "$semantic.color.text-content.$lightest",
            "type": "color"
          }
        },
        "icon": {
          "unselected": {
            "value": "$semantic.color.text-content.$brand",
            "type": "color"
          },
          "unselected-hover": {
            "value": "$semantic.color.text-content.$brand-focus",
            "type": "color"
          },
          "selected": {
            "value": "$semantic.color.text-content.$lightest",
            "type": "color"
          },
          "selected-hover": {
            "value": "$semantic.color.text-content.$lightest",
            "type": "color"
          }
        }
      },
      "opacity": {
        "background": {
          "unselected": {
            "value": "{semantic.opacity.invisible}",
            "type": "opacity"
          },
          "selected": {
            "value": "{semantic.opacity.solid}",
            "type": "opacity"
          }
        }
      },
      "border-width": {
        "unselected": {
          "value": "{semantic.border.width.outline-component}",
          "type": "borderWidth"
        },
        "selected": {
          "value": "{semantic.border.width.filled-component}",
          "type": "borderWidth"
        }
      },
      "typography": {
        "category-text": {
          "value": "{semantic.typography.label}",
          "type": "typography"
        }
      }
    }
  }
}