{
  "component": {
    "checkbox": {
      "sizing": {
        "height": {
          "value": "{semantic.sizing.$inside-component-sm-scale}",
          "type": "sizing"
        },
        "width": {
          "value": "{semantic.sizing.$inside-component-sm-scale}",
          "type": "sizing"
        }
      },
      "border": {
        "border-radius": {
          "value": "{semantic.border-radius.sm}",
          "type": "borderRadius"
        },
        "border-width": {
          "value": "{semantic.border.width.outline-component}",
          "type": "borderWidth"
        }
      },
      "spacing": {
        "horizontal-gap": {
          "value": "{aux-spacing.checkbox.gap.horizontal-gap}",
          "type": "spacing"
        },
        "vertical-gap": {
          "value": "{aux-spacing.checkbox.gap.vertical-gap}",
          "type": "spacing"
        }
      },
      "color": {
        "checked": {
          "background": {
            "value": "{semantic.color.background.brand.$brand}",
            "type": "color"
          },
          "border": {
            "value": "{semantic.color.border.$focus}",
            "type": "color"
          },
          "content": {
            "value": "{semantic.color.text-content.$lightest}",
            "type": "color"
          },
          "label": {
            "value": "{semantic.color.text.content-filled}",
            "type": "color"
          }
        },
        "unchecked": {
          "background": {
            "value": "{semantic.color.background.level.$ground}",
            "type": "color"
          },
          "border": {
            "value": "{semantic.color.border.$border-hardest}",
            "type": "color"
          },
          "label": {
            "value": "{semantic.color.text.content-filled}",
            "type": "color"
          }
        },
        "focus-checked": {
          "background": {
            "value": "$semantic.color.background.brand.$slightly-lighter",
            "type": "color"
          },
          "border": {
            "value": "$semantic.color.background.brand.$slightly-lighter",
            "type": "color"
          },
          "content": {
            "value": "{semantic.color.text-content.$lightest}",
            "type": "color"
          },
          "label": {
            "value": "{semantic.color.text.content-filled}",
            "type": "color"
          }
        },
        "indeterminate": {
          "background": {
            "value": "{semantic.color.background.level.$ground}",
            "type": "color"
          },
          "border": {
            "value": "{semantic.color.border.$border-hardest}",
            "type": "color"
          },
          "content": {
            "value": "{semantic.color.background.brand.$brand}",
            "type": "color"
          },
          "label": {
            "value": "{semantic.color.text.content-filled}",
            "type": "color"
          }
        },
        "disabed": {
          "background": {
            "value": "$semantic.color.disabled.background",
            "type": "color"
          },
          "border": {
            "value": "$semantic.color.disabled.border",
            "type": "color"
          },
          "content": {
            "value": "$semantic.color.disabled.content",
            "type": "color"
          },
          "label": {
            "value": "$semantic.color.disabled.content",
            "type": "color"
          }
        },
        "focus-unchecked": {
          "background": {
            "value": "{semantic.color.background.level.$ground}",
            "type": "color"
          },
          "border": {
            "value": "$semantic.color.background.brand.$slightly-lighter",
            "type": "color"
          },
          "label": {
            "value": "{semantic.color.text.content-filled}",
            "type": "color"
          }
        }
      },
      "typography": {
        "horizontal-label": {
          "value": "{semantic.typography.label}",
          "type": "typography"
        }
      }
    }
  }
}