{
  "component": {
    "dropdown-list": {
      "sizing": {
        "heigth": {
          "value": "{semantic.sizing.$component-default}",
          "type": "sizing"
        }
      },
      "spacing": {
        "item": {
          "padding": {
            "horizontal": {
              "value": "{aux-spacing.dropdown-list.padding.horizontal}",
              "type": "spacing"
            }
          },
          "gap": {
            "horizontal": {
              "value": "{aux-spacing.dropdown-list.padding.horizontal}",
              "type": "spacing"
            }
          }
        }
      },
      "color": {
        "background": {
          "item": {
            "initial": {
              "value": "{semantic.color.background.level.raised-1}",
              "type": "color"
            },
            "disabled": {
              "value": "{semantic.color.disabled.background}",
              "type": "color"
            },
            "danger": {
              "value": "{semantic.color.background.level.raised-1}",
              "type": "color"
            },
            "selected": {
              "value": "{semantic.color.background.level.raised-1}",
              "type": "color"
            },
            "hover": {
              "value": "{semantic.color.background.level.raised-2}",
              "type": "color"
            },
            "hover-danger": {
              "value": "{semantic.color.palette.danger.$base}",
              "type": "color"
            },
            "hover-selected": {
              "value": "{semantic.color.background.level.raised-2}",
              "type": "color"
            }
          },
          "accent-text": {
            "initial": {
              "value": "{semantic.color.background.level.raised-1}",
              "type": "color"
            },
            "disabled": {
              "value": "{semantic.color.disabled.background}",
              "type": "color"
            },
            "danger": {
              "value": "{semantic.color.background.level.raised-1}",
              "type": "color"
            },
            "selected": {
              "value": "{semantic.color.background.level.raised-1}",
              "type": "color"
            },
            "hover": {
              "value": "{semantic.color.background.level.raised-2}",
              "type": "color"
            },
            "hover-danger": {
              "value": "{semantic.color.palette.danger.$base}",
              "type": "color"
            },
            "hover-selected": {
              "value": "{semantic.color.background.level.raised-2}",
              "type": "color"
            }
          },
          "accent-bg": {
            "initial": {
              "value": "$semantic.color.background.brand.$lighter-2",
              "type": "color"
            },
            "selected": {
              "value": "$semantic.color.background.brand.$lighter-2",
              "type": "color"
            },
            "hover": {
              "value": "$semantic.color.background.brand.$slightly-lighter",
              "type": "color"
            },
            "hover-selected": {
              "value": "$semantic.color.background.brand.$slightly-lighter",
              "type": "color"
            }
          }
        },
        "border": {
          "item": {
            "initial": {
              "value": "{semantic.color.background.level.raised-1}",
              "type": "color"
            },
            "disabled": {
              "value": "{semantic.color.disabled.background}",
              "type": "color"
            },
            "danger": {
              "value": "{semantic.color.background.level.raised-1}",
              "type": "color"
            },
            "selected": {
              "value": "{semantic.color.border.$focus}",
              "type": "color"
            },
            "hover": {
              "value": "{semantic.color.background.level.raised-2}",
              "type": "color"
            },
            "hover-danger": {
              "value": "{semantic.color.palette.danger.$base}",
              "type": "color"
            },
            "hover-selected": {
              "value": "{semantic.color.palette.primary.$active}",
              "type": "color"
            }
          },
          "accent-text": {
            "initial": {
              "value": "{semantic.color.background.level.raised-1}",
              "type": "color"
            },
            "disabled": {
              "value": "{semantic.color.disabled.background}",
              "type": "color"
            },
            "danger": {
              "value": "{semantic.color.background.level.raised-1}",
              "type": "color"
            },
            "selected": {
              "value": "{semantic.color.border.$focus}",
              "type": "color"
            },
            "hover": {
              "value": "{semantic.color.background.level.raised-2}",
              "type": "color"
            },
            "hover-danger": {
              "value": "{semantic.color.palette.danger.$base}",
              "type": "color"
            },
            "hover-selected": {
              "value": "{semantic.color.palette.primary.$active}",
              "type": "color"
            }
          },
          "accent-bg": {
            "initial": {
              "value": "$semantic.color.background.brand.$lighter-2",
              "type": "color"
            },
            "selected": {
              "value": "$semantic.color.palette.primary.$active",
              "type": "color"
            },
            "hover": {
              "value": "$semantic.color.background.brand.$slightly-lighter",
              "type": "color"
            },
            "hover-selected": {
              "value": "$semantic.color.palette.primary.$active",
              "type": "color"
            }
          }
        },
        "text": {
          "item": {
            "initial": {
              "value": "{semantic.color.text-content.$strong}",
              "type": "color"
            },
            "disabled": {
              "value": "{semantic.color.disabled.content-alt}",
              "type": "color"
            },
            "danger": {
              "value": "{semantic.color.palette.danger.$base}",
              "type": "color"
            },
            "selected": {
              "value": "{semantic.color.text-content.$strong}",
              "type": "color"
            },
            "hover": {
              "value": "{semantic.color.text-content.$strong}",
              "type": "color"
            },
            "hover-danger": {
              "value": "$semantic.color.text-content.$brand-contrast",
              "type": "color"
            },
            "hover-selected": {
              "value": "{semantic.color.text-content.$strong}",
              "type": "color"
            }
          },
          "accent-text": {
            "initial": {
              "value": "{semantic.color.text-content.$brand}",
              "type": "color"
            },
            "disabled": {
              "value": "{semantic.color.disabled.content-alt}",
              "type": "color"
            },
            "danger": {
              "value": "{semantic.color.palette.danger.$base}",
              "type": "color"
            },
            "selected": {
              "value": "{semantic.color.text-content.$brand}",
              "type": "color"
            },
            "hover": {
              "value": "{semantic.color.text-content.$brand}",
              "type": "color"
            },
            "hover-danger": {
              "value": "$semantic.color.text-content.$brand-contrast",
              "type": "color"
            },
            "hover-selected": {
              "value": "{semantic.color.text-content.$brand}",
              "type": "color"
            }
          },
          "accent-bg": {
            "initial": {
              "value": "$semantic.color.text-content.$strong",
              "type": "color"
            },
            "selected": {
              "value": "$semantic.color.text-content.$strong",
              "type": "color"
            },
            "hover": {
              "value": "$semantic.color.text-content.$strong",
              "type": "color"
            },
            "hover-selected": {
              "value": "$semantic.color.text-content.$strong",
              "type": "color"
            }
          }
        }
      },
      "border-width": {
        "item": {
          "initial": {
            "left": {
              "value": "{semantic.border.width.filled-component}",
              "type": "borderWidth"
            },
            "right": {
              "value": "{semantic.border.width.filled-component}",
              "type": "borderWidth"
            },
            "top": {
              "value": "{semantic.border.width.filled-component}",
              "type": "borderWidth"
            },
            "bottom": {
              "value": "{semantic.border.width.filled-component}",
              "type": "borderWidth"
            }
          },
          "hover": {
            "left": {
              "value": "{semantic.border.width.filled-component}",
              "type": "borderWidth"
            },
            "right": {
              "value": "{semantic.border.width.filled-component}",
              "type": "borderWidth"
            },
            "top": {
              "value": "{semantic.border.width.filled-component}",
              "type": "borderWidth"
            },
            "bottom": {
              "value": "{semantic.border.width.filled-component}",
              "type": "borderWidth"
            }
          },
          "disabled": {
            "left": {
              "value": "{semantic.border.width.filled-component}",
              "type": "borderWidth"
            },
            "right": {
              "value": "{semantic.border.width.filled-component}",
              "type": "borderWidth"
            },
            "top": {
              "value": "{semantic.border.width.filled-component}",
              "type": "borderWidth"
            },
            "bottom": {
              "value": "{semantic.border.width.filled-component}",
              "type": "borderWidth"
            }
          },
          "danger": {
            "left": {
              "value": "{semantic.border.width.filled-component}",
              "type": "borderWidth"
            },
            "right": {
              "value": "{semantic.border.width.filled-component}",
              "type": "borderWidth"
            },
            "top": {
              "value": "{semantic.border.width.filled-component}",
              "type": "borderWidth"
            },
            "bottom": {
              "value": "{semantic.border.width.filled-component}",
              "type": "borderWidth"
            }
          },
          "selected": {
            "left": {
              "value": "{semantic.border.width.outline-component}",
              "type": "borderWidth"
            },
            "right": {
              "value": "{semantic.border.width.filled-component}",
              "type": "borderWidth"
            },
            "top": {
              "value": "{semantic.border.width.filled-component}",
              "type": "borderWidth"
            },
            "bottom": {
              "value": "{semantic.border.width.filled-component}",
              "type": "borderWidth"
            }
          },
          "hover-danger": {
            "left": {
              "value": "{semantic.border.width.filled-component}",
              "type": "borderWidth"
            },
            "right": {
              "value": "{semantic.border.width.filled-component}",
              "type": "borderWidth"
            },
            "top": {
              "value": "{semantic.border.width.filled-component}",
              "type": "borderWidth"
            },
            "bottom": {
              "value": "{semantic.border.width.filled-component}",
              "type": "borderWidth"
            }
          },
          "hover-selected": {
            "left": {
              "value": "{semantic.border.width.outline-component}",
              "type": "borderWidth"
            },
            "right": {
              "value": "{semantic.border.width.filled-component}",
              "type": "borderWidth"
            },
            "top": {
              "value": "{semantic.border.width.filled-component}",
              "type": "borderWidth"
            },
            "bottom": {
              "value": "{semantic.border.width.filled-component}",
              "type": "borderWidth"
            }
          }
        },
        "accent-text": {
          "initial": {
            "left": {
              "value": "{semantic.border.width.filled-component}",
              "type": "borderWidth"
            },
            "right": {
              "value": "{semantic.border.width.filled-component}",
              "type": "borderWidth"
            },
            "top": {
              "value": "{semantic.border.width.filled-component}",
              "type": "borderWidth"
            },
            "bottom": {
              "value": "{semantic.border.width.filled-component}",
              "type": "borderWidth"
            }
          },
          "hover": {
            "left": {
              "value": "{semantic.border.width.filled-component}",
              "type": "borderWidth"
            },
            "right": {
              "value": "{semantic.border.width.filled-component}",
              "type": "borderWidth"
            },
            "top": {
              "value": "{semantic.border.width.filled-component}",
              "type": "borderWidth"
            },
            "bottom": {
              "value": "{semantic.border.width.filled-component}",
              "type": "borderWidth"
            }
          },
          "disabled": {
            "left": {
              "value": "{semantic.border.width.filled-component}",
              "type": "borderWidth"
            },
            "right": {
              "value": "{semantic.border.width.filled-component}",
              "type": "borderWidth"
            },
            "top": {
              "value": "{semantic.border.width.filled-component}",
              "type": "borderWidth"
            },
            "bottom": {
              "value": "{semantic.border.width.filled-component}",
              "type": "borderWidth"
            }
          },
          "danger": {
            "left": {
              "value": "{semantic.border.width.filled-component}",
              "type": "borderWidth"
            },
            "right": {
              "value": "{semantic.border.width.filled-component}",
              "type": "borderWidth"
            },
            "top": {
              "value": "{semantic.border.width.filled-component}",
              "type": "borderWidth"
            },
            "bottom": {
              "value": "{semantic.border.width.filled-component}",
              "type": "borderWidth"
            }
          },
          "selected": {
            "left": {
              "value": "{semantic.border.width.outline-component}",
              "type": "borderWidth"
            },
            "right": {
              "value": "{semantic.border.width.filled-component}",
              "type": "borderWidth"
            },
            "top": {
              "value": "{semantic.border.width.filled-component}",
              "type": "borderWidth"
            },
            "bottom": {
              "value": "{semantic.border.width.filled-component}",
              "type": "borderWidth"
            }
          },
          "hover-danger": {
            "left": {
              "value": "{semantic.border.width.filled-component}",
              "type": "borderWidth"
            },
            "right": {
              "value": "{semantic.border.width.filled-component}",
              "type": "borderWidth"
            },
            "top": {
              "value": "{semantic.border.width.filled-component}",
              "type": "borderWidth"
            },
            "bottom": {
              "value": "{semantic.border.width.filled-component}",
              "type": "borderWidth"
            }
          },
          "hover-selected": {
            "left": {
              "value": "{semantic.border.width.outline-component}",
              "type": "borderWidth"
            },
            "right": {
              "value": "{semantic.border.width.filled-component}",
              "type": "borderWidth"
            },
            "top": {
              "value": "{semantic.border.width.filled-component}",
              "type": "borderWidth"
            },
            "bottom": {
              "value": "{semantic.border.width.filled-component}",
              "type": "borderWidth"
            }
          }
        },
        "accent-bg": {
          "initial": {
            "left": {
              "value": "{semantic.border.width.filled-component}",
              "type": "borderWidth"
            },
            "right": {
              "value": "{semantic.border.width.filled-component}",
              "type": "borderWidth"
            },
            "top": {
              "value": "{semantic.border.width.filled-component}",
              "type": "borderWidth"
            },
            "bottom": {
              "value": "{semantic.border.width.filled-component}",
              "type": "borderWidth"
            }
          },
          "hover": {
            "left": {
              "value": "{semantic.border.width.filled-component}",
              "type": "borderWidth"
            },
            "right": {
              "value": "{semantic.border.width.filled-component}",
              "type": "borderWidth"
            },
            "top": {
              "value": "{semantic.border.width.filled-component}",
              "type": "borderWidth"
            },
            "bottom": {
              "value": "{semantic.border.width.filled-component}",
              "type": "borderWidth"
            }
          },
          "selected": {
            "left": {
              "value": "{semantic.border.width.outline-component}",
              "type": "borderWidth"
            },
            "right": {
              "value": "{semantic.border.width.filled-component}",
              "type": "borderWidth"
            },
            "top": {
              "value": "{semantic.border.width.filled-component}",
              "type": "borderWidth"
            },
            "bottom": {
              "value": "{semantic.border.width.filled-component}",
              "type": "borderWidth"
            }
          },
          "hover-selected": {
            "left": {
              "value": "{semantic.border.width.outline-component}",
              "type": "borderWidth"
            },
            "right": {
              "value": "{semantic.border.width.filled-component}",
              "type": "borderWidth"
            },
            "top": {
              "value": "{semantic.border.width.filled-component}",
              "type": "borderWidth"
            },
            "bottom": {
              "value": "{semantic.border.width.filled-component}",
              "type": "borderWidth"
            }
          }
        }
      },
      "box-shadow": {
        "value": "{semantic.box-shadow.floating}",
        "type": "boxShadow"
      }
    }
  }
}