{
  "component": {
    "empty-state": {
      "sizing": {
        "icon": {
          "height": {
            "value": "{semantic.sizing.$component-default}",
            "type": "sizing"
          }
        }
      },
      "spacing": {
        "gap": {
          "vertical": {
            "value": "{aux-spacing.auto-complete.gap.horizontal}",
            "type": "spacing"
          }
        }
      },
      "color": {
        "content": {
          "icon": {
            "value": "{semantic.color.text-content.$strongest}",
            "type": "color"
          },
          "title": {
            "value": "{semantic.color.text-content.$strongest}",
            "type": "color"
          },
          "description": {
            "value": "{semantic.color.text-content.$strong}",
            "type": "color"
          }
        }
      },
      "typography": {
        "title": {
          "value": "{semantic.typography.xs-header}",
          "type": "typography"
        },
        "description": {
          "value": "{semantic.typography.submenu-label}",
          "type": "typography"
        }
      }
    }
  }
}