{
  "component": {
    "form-label": {
      "color": {
        "text": {
          "label": {
            "value": "{semantic.color.text-content.$strongest}",
            "type": "color"
          },
          "optional": {
            "value": "$semantic.color.text-content.$base",
            "type": "color"
          },
          "hint": {
            "value": "$semantic.color.text-content.$base",
            "type": "color"
          }
        },
        "icon": {
          "helper": {
            "value": "$semantic.color.text-content.$base",
            "type": "color"
          }
        }
      },
      "spacing": {
        "gap": {
          "label-hint": {
            "value": "{semantic.spacing.constant-scale.sm}",
            "type": "spacing"
          },
          "optional-helper": {
            "value": "{semantic.spacing.constant-scale.xs}",
            "type": "spacing"
          },
          "label-optional": {
            "value": "{semantic.spacing.constant-scale.xs}",
            "type": "spacing"
          }
        }
      },
      "typography": {
        "label": {
          "value": "{semantic.typography.label}",
          "type": "typography"
        },
        "hint": {
          "value": "{semantic.typography.hint}",
          "type": "typography"
        },
        "optional": {
          "value": "{semantic.typography.hint}",
          "type": "typography"
        }
      }
    }
  }
}