{
  "component": {
    "icon": {
      "sizing": {
        "height": {
          "value": "$semantic.sizing.$inside-component-sm-scale",
          "type": "sizing"
        },
        "width": {
          "value": "$semantic.sizing.$inside-component-sm-scale",
          "type": "sizing"
        }
      },
      "font-size": {
        "value": "{semantic.sizing.$inside-component-sm-scale}",
        "type": "fontSizes"
      },
      "font-family": {
        "icon-family": {
          "value": "{semantic.font-family.icon-family}",
          "type": "fontFamilies"
        }
      }
    }
  }
}