{
  "component": {
    "icon-title": {
      "spacing": {
        "gap": {
          "horizontal": {
            "value": "{aux-spacing.icon-title.gap.horizontal}",
            "type": "spacing"
          }
        }
      },
      "typography": {
        "title": {
          "value": "{semantic.typography.xxs-header}",
          "type": "typography"
        }
      },
      "color": {
        "text-content": {
          "title": {
            "value": "{semantic.color.text-content.$strongest}",
            "type": "color"
          },
          "icon": {
            "value": "{semantic.color.text-content.$strongest}",
            "type": "color"
          }
        }
      }
    }
  }
}