{
  "component": {
    "list": {
      "sizing": {
        "height": {
          "value": "{semantic.sizing.$component-default}",
          "type": "sizing"
        }
      },
      "color": {
        "hover": {
          "content": {
            "value": "{semantic.color.text-content.$strongest}",
            "type": "color"
          },
          "background": {
            "value": "{semantic.color.background.level.$ground}",
            "type": "color"
          }
        },
        "initial": {
          "content": {
            "value": "{semantic.color.text-content.$strongest}",
            "type": "color"
          },
          "background": {
            "value": "{semantic.color.background.level.$ground}",
            "type": "color"
          }
        },
        "selected": {
          "content": {
            "value": "{semantic.color.text-content.$strongest}",
            "type": "color"
          },
          "background": {
            "value": "{semantic.color.disabled.background}",
            "type": "color"
          },
          "border": {
            "value": "{semantic.color.palette.primary.$base}",
            "type": "color"
          }
        },
        "disabled": {
          "content": {
            "value": "$semantic.color.disabled.content",
            "type": "color"
          },
          "background": {
            "value": "$semantic.color.disabled.background",
            "type": "color"
          }
        }
      },
      "spacing": {
        "horizontal-padding": {
          "value": "{aux-spacing.list.gap.horizontal-padding}",
          "type": "spacing"
        },
        "horizontal-gap": {
          "value": "{aux-spacing.list.gap.horizontal-gap}",
          "type": "spacing"
        },
        "vertical-padding": {
          "value": "{aux-spacing.list.gap.vertical-padding}",
          "type": "spacing"
        }
      },
      "border-width": {
        "left": {
          "value": "{semantic.border.width.Selected-component}",
          "type": "borderWidth"
        }
      }
    }
  }
}