{
  "component": {
    "master-detail": {
      "sizing": {
        "mater-content": {
          "width": {
            "value": "{semantic.sizing.$component-panel}",
            "type": "sizing"
          }
        },
        "master-bar-item": {
          "width": {
            "value": "$semantic.sizing.$component-header",
            "type": "sizing"
          },
          "height": {
            "value": "$semantic.sizing.$component-header",
            "type": "sizing"
          }
        }
      },
      "color": {
        "background": {
          "master-content": {
            "initial": {
              "value": "{semantic.color.background.level.raised-1}",
              "type": "color"
            }
          },
          "master-bar-item": {
            "initial": {
              "value": "{semantic.color.background.level.raised-1}",
              "type": "color"
            }
          }
        },
        "border": {
          "master-content": {
            "separation-border": {
              "value": "{semantic.color.border.$border-weak}",
              "type": "color"
            }
          },
          "master-bar": {
            "separation-border": {
              "value": "{semantic.color.border.$border-weak}",
              "type": "color"
            }
          }
        },
        "icon": {
          "master-bar-item": {
            "initial": {
              "value": "{semantic.color.text-content.$strongest}",
              "type": "color"
            },
            "selected": {
              "value": "$semantic.color.text-content.$brand",
              "type": "color"
            }
          }
        }
      },
      "border-width": {
        "master-content": {
          "left": {
            "value": "{semantic.border.width.filled-component}",
            "type": "borderWidth"
          },
          "top": {
            "value": "{semantic.border.width.filled-component}",
            "type": "borderWidth"
          },
          "right": {
            "value": "{semantic.border.width.outline-component}",
            "type": "borderWidth"
          },
          "bottom": {
            "value": "{semantic.border.width.filled-component}",
            "type": "borderWidth"
          }
        },
        "master-bar": {
          "left": {
            "value": "{semantic.border.width.filled-component}",
            "type": "borderWidth"
          },
          "top": {
            "value": "{semantic.border.width.filled-component}",
            "type": "borderWidth"
          },
          "right": {
            "value": "{semantic.border.width.outline-component}",
            "type": "borderWidth"
          },
          "bottom": {
            "value": "{semantic.border.width.filled-component}",
            "type": "borderWidth"
          }
        }
      }
    }
  }
}