{
  "component": {
    "menu-area": {
      "color": {
        "background": {
          "menu": {
            "default": {
              "value": "{semantic.color.background.brand.$brand}",
              "type": "color"
            },
            "selected": {
              "value": "$semantic.color.background.brand.$darker",
              "type": "color"
            }
          },
          "submenu": {
            "default": {
              "value": "$semantic.color.background.brand.$brand",
              "type": "color"
            },
            "selected": {
              "value": "$semantic.color.background.brand.$darkest",
              "type": "color"
            }
          }
        },
        "border": {
          "menu": {
            "default": {
              "value": "$semantic.color.border.bg-agreement",
              "type": "color"
            },
            "selected": {
              "value": "$semantic.color.border.bg-agreement",
              "type": "color"
            }
          },
          "submenu": {
            "default": {
              "value": "$semantic.color.border.bg-agreement",
              "type": "color"
            },
            "selected": {
              "value": "$semantic.color.border.bg-agreement",
              "type": "color"
            }
          }
        },
        "text": {
          "menu": {
            "default": {
              "value": "$semantic.color.text-content.$lightest",
              "type": "color"
            },
            "selected": {
              "value": "$semantic.color.text-content.$lightest",
              "type": "color"
            }
          },
          "submenu": {
            "default": {
              "value": "$semantic.color.text-content.$lightest",
              "type": "color"
            },
            "selected": {
              "value": "$semantic.color.text-content.$lightest",
              "type": "color"
            }
          }
        },
        "icon": {
          "menu": {
            "default": {
              "value": "$semantic.color.text-content.$lightest",
              "type": "color"
            },
            "selected": {
              "value": "$semantic.color.text-content.$lightest",
              "type": "color"
            }
          },
          "submenu": {
            "default": {
              "value": "$semantic.color.text-content.$lightest",
              "type": "color"
            },
            "selected": {
              "value": "$semantic.color.text-content.$lightest",
              "type": "color"
            }
          }
        }
      },
      "border-radius": {
        "menu": {
          "border": {
            "value": "{semantic.border-radius.none}",
            "type": "borderRadius"
          }
        },
        "submenu": {
          "border": {
            "value": "{semantic.border-radius.none}",
            "type": "borderRadius"
          }
        }
      },
      "border": {
        "width": {
          "menu": {
            "default": {
              "top": {
                "value": "{semantic.border.width.filled-component}",
                "type": "borderWidth"
              },
              "right": {
                "value": "{semantic.border.width.filled-component}",
                "type": "borderWidth"
              },
              "bottom": {
                "value": "{semantic.border.width.filled-component}",
                "type": "borderWidth"
              },
              "left": {
                "value": "{semantic.border.width.filled-component}",
                "type": "borderWidth"
              }
            },
            "selected": {
              "top": {
                "value": "{semantic.border.width.filled-component}",
                "type": "borderWidth"
              },
              "right": {
                "value": "{semantic.border.width.filled-component}",
                "type": "borderWidth"
              },
              "bottom": {
                "value": "{semantic.border.width.filled-component}",
                "type": "borderWidth"
              },
              "left": {
                "value": "{semantic.border.width.outline-component}",
                "type": "borderWidth"
              }
            }
          },
          "submenu": {
            "default": {
              "top": {
                "value": "{semantic.border.width.filled-component}",
                "type": "borderWidth"
              },
              "right": {
                "value": "{semantic.border.width.filled-component}",
                "type": "borderWidth"
              },
              "bottom": {
                "value": "{semantic.border.width.filled-component}",
                "type": "borderWidth"
              },
              "left": {
                "value": "{semantic.border.width.filled-component}",
                "type": "borderWidth"
              }
            },
            "selected": {
              "top": {
                "value": "{semantic.border.width.filled-component}",
                "type": "borderWidth"
              },
              "right": {
                "value": "{semantic.border.width.filled-component}",
                "type": "borderWidth"
              },
              "bottom": {
                "value": "{semantic.border.width.filled-component}",
                "type": "borderWidth"
              },
              "left": {
                "value": "{semantic.border.width.outline-component}",
                "type": "borderWidth"
              }
            }
          }
        }
      },
      "typography": {
        "menu": {
          "value": "{semantic.typography.menu-label}",
          "type": "typography"
        },
        "submenu": {
          "value": "{semantic.typography.submenu-label}",
          "type": "typography"
        }
      },
      "spacing": {
        "menu": {
          "padding": {
            "left": {
              "value": "{aux-spacing.menu-area.padding.menu.left}",
              "type": "spacing"
            },
            "right": {
              "value": "{aux-spacing.menu-area.padding.menu.right}",
              "type": "spacing"
            },
            "top": {
              "value": "{aux-spacing.menu-area.padding.menu.top}",
              "type": "spacing"
            },
            "bottom": {
              "value": "{aux-spacing.menu-area.padding.menu.bottom}",
              "type": "spacing"
            },
            "icon-menu": {
              "left": {
                "value": "{aux-spacing.menu-area.padding.icon-menu.left}",
                "type": "spacing"
              },
              "right": {
                "value": "{aux-spacing.menu-area.padding.icon-menu.right}",
                "type": "spacing"
              },
              "top": {
                "value": "{aux-spacing.menu-area.padding.icon-menu.top}",
                "type": "spacing"
              },
              "bottom": {
                "value": "{aux-spacing.menu-area.padding.icon-menu.bottom}",
                "type": "spacing"
              }
            }
          },
          "gap": {
            "horizontal": {
              "value": "{aux-spacing.menu-area.gap.menu.horizontal}",
              "type": "spacing"
            },
            "vertical": {
              "value": "{aux-spacing.menu-area.gap.menu.vertical}",
              "type": "spacing"
            }
          }
        },
        "submenu": {
          "padding": {
            "left": {
              "value": "{aux-spacing.menu-area.padding.submenu.left}",
              "type": "spacing"
            },
            "right": {
              "value": "{aux-spacing.menu-area.padding.submenu.right}",
              "type": "spacing"
            },
            "top": {
              "value": "{aux-spacing.menu-area.padding.submenu.top}",
              "type": "spacing"
            },
            "bottom": {
              "value": "{aux-spacing.menu-area.padding.submenu.bottom}",
              "type": "spacing"
            }
          },
          "gap": {
            "horizontal": {
              "value": "{aux-spacing.menu-area.gap.submenu.horizontal}",
              "type": "spacing"
            },
            "vertical": {
              "value": "{aux-spacing.menu-area.gap.submenu.vertical}",
              "type": "spacing"
            }
          }
        }
      }
    }
  },
  "menu-area": {
    "sizing": {
      "menu": {
        "height": {
          "value": "$semantic.sizing.$component-header",
          "type": "sizing"
        },
        "width": {
          "value": "{semantic.sizing.$component-panel}",
          "type": "sizing"
        },
        "icon-menu": {
          "height": {
            "value": "$semantic.sizing.$component-header",
            "type": "sizing"
          },
          "width": {
            "value": "$semantic.sizing.$component-header",
            "type": "sizing"
          },
          "icon-size": {
            "value": "{semantic.sizing.$inside-component}",
            "type": "sizing"
          }
        }
      },
      "submenu": {
        "height": {
          "value": "$semantic.sizing.$component-default",
          "type": "sizing"
        },
        "width": {
          "value": "{semantic.sizing.$component-panel} - {semantic.sizing.$component-header}",
          "type": "sizing"
        }
      }
    }
  }
}