{
  "component": {
    "modal": {
      "spacing": {
        "padding": {
          "vertical": {
            "value": "{semantic.spacing.constant-scale.sm}",
            "type": "spacing"
          },
          "horizontal": {
            "value": "{semantic.spacing.constant-scale.md}",
            "type": "spacing"
          }
        }
      },
      "color": {
        "backgound": {
          "value": "{semantic.color.background.level.$ground}",
          "type": "color"
        }
      },
      "box-shadow": {
        "floating-shadow": {
          "value": "{primitive.elevation.$elevation-level-02}",
          "type": "boxShadow"
        }
      }
    }
  }
}