{
  "component": {
    "multi-date-picker": {
      "color": {
        "field": {
          "border": {
            "outlined": {
              "initial": {
                "value": "{semantic.color.border.$border-normal}",
                "type": "color"
              },
              "disabled": {
                "value": "$semantic.color.disabled.border",
                "type": "color"
              },
              "content-filled": {
                "value": "{semantic.color.border.$border-normal}",
                "type": "color"
              },
              "error": {
                "value": "{semantic.color.palette.danger.$base}",
                "type": "color"
              },
              "focus": {
                "value": "{semantic.color.border.$focus}",
                "type": "color"
              }
            },
            "filled": {
              "initial": {
                "value": "{semantic.color.border.$border-hardest}",
                "type": "color"
              },
              "disabled": {
                "value": "$semantic.color.disabled.border",
                "type": "color"
              },
              "content-filled": {
                "value": "{semantic.color.border.$border-hardest}",
                "type": "color"
              },
              "error": {
                "value": "{semantic.color.palette.danger.$base}",
                "type": "color"
              },
              "focus": {
                "value": "{semantic.color.border.$focus}",
                "type": "color"
              }
            }
          },
          "background": {
            "outlined": {
              "initial": {
                "value": "{semantic.color.background.level.$ground}",
                "type": "color"
              },
              "disabled": {
                "value": "$semantic.color.disabled.background",
                "type": "color"
              },
              "content-filled": {
                "value": "{semantic.color.background.level.$ground}",
                "type": "color"
              },
              "error": {
                "value": "{semantic.color.background.level.$ground}",
                "type": "color"
              },
              "focus": {
                "value": "{semantic.color.background.level.$ground}",
                "type": "color"
              }
            },
            "filled": {
              "initial": {
                "value": "{semantic.color.background.level.raised-1}",
                "type": "color"
              },
              "disabled": {
                "value": "$semantic.color.disabled.background",
                "type": "color"
              },
              "content-filled": {
                "value": "{semantic.color.background.level.raised-1}",
                "type": "color"
              },
              "error": {
                "value": "{semantic.color.background.level.raised-1}",
                "type": "color"
              },
              "focus": {
                "value": "{semantic.color.background.level.raised-1}",
                "type": "color"
              }
            }
          },
          "text": {
            "outlined": {
              "initial": {
                "value": "{semantic.color.text.placeholder}",
                "type": "color"
              },
              "disabled": {
                "value": "$semantic.color.disabled.content",
                "type": "color"
              },
              "content-filled": {
                "value": "{semantic.color.text.content-filled}",
                "type": "color"
              },
              "error": {
                "value": "{semantic.color.text.content-filled}",
                "type": "color"
              },
              "focus": {
                "value": "{semantic.color.text.content-filled}",
                "type": "color"
              }
            },
            "filled": {
              "initial": {
                "value": "{semantic.color.text.placeholder}",
                "type": "color"
              },
              "disabled": {
                "value": "$semantic.color.disabled.content",
                "type": "color"
              },
              "content-filled": {
                "value": "{semantic.color.text.content-filled}",
                "type": "color"
              },
              "error": {
                "value": "{semantic.color.text.content-filled}",
                "type": "color"
              },
              "focus": {
                "value": "{semantic.color.text.content-filled}",
                "type": "color"
              }
            }
          }
        },
        "picker": {
          "header": {
            "background": {
              "value": "{semantic.color.background.level.raised-1}",
              "type": "color"
            },
            "border": {
              "value": "{semantic.color.border.$border-weak}",
              "type": "color"
            },
            "text-icon": {
              "value": "$semantic.color.text-content.$strongest",
              "type": "color"
            }
          },
          "footer": {
            "background": {
              "value": "{semantic.color.background.level.raised-1}",
              "type": "color"
            },
            "border": {
              "value": "{semantic.color.border.$border-weak}",
              "type": "color"
            },
            "text-icon": {
              "value": "$semantic.color.text-content.$brand",
              "type": "color"
            }
          },
          "content": {
            "background": {
              "value": "{semantic.color.background.level.raised-1}",
              "type": "color"
            },
            "border": {
              "value": "{semantic.color.border.$border-weak}",
              "type": "color"
            },
            "text-icon": {
              "value": "$semantic.color.text-content.$strongest",
              "type": "color"
            }
          },
          "item": {
            "background": {
              "initial": {
                "value": "{semantic.color.background.level.$ground}",
                "type": "color"
              },
              "out-of-month": {
                "value": "{semantic.color.background.level.$ground}",
                "type": "color"
              },
              "start-range-selected": {
                "value": "$semantic.color.background.brand.$brand",
                "type": "color"
              },
              "selected": {
                "value": "$semantic.color.background.brand.$brand",
                "type": "color"
              },
              "end-range-selected": {
                "value": "$semantic.color.background.brand.$brand",
                "type": "color"
              },
              "disabled": {
                "value": "$semantic.color.disabled.background",
                "type": "color"
              },
              "range-mid": {
                "value": "$semantic.color.background.brand.$lighter-2",
                "type": "color"
              },
              "hover": {
                "value": "$semantic.color.background.brand.$lighter-3",
                "type": "color"
              }
            },
            "content": {
              "initial": {
                "value": "$semantic.color.text-content.$strongest",
                "type": "color"
              },
              "out-of-month": {
                "value": "$semantic.color.text-content.$strong",
                "type": "color"
              },
              "start-range-selected": {
                "value": "$semantic.color.text-content.$lightest",
                "type": "color"
              },
              "selected": {
                "value": "$semantic.color.text-content.$lightest",
                "type": "color"
              },
              "end-range-selected": {
                "value": "$semantic.color.text-content.$lightest",
                "type": "color"
              },
              "disabled": {
                "value": "$semantic.color.disabled.content",
                "type": "color"
              },
              "range-mid": {
                "value": "$semantic.color.text-content.$strongest",
                "type": "color"
              },
              "hover": {
                "value": "$semantic.color.text-content.$strongest",
                "type": "color"
              }
            }
          }
        }
      },
      "sizing": {
        "field": {
          "height": {
            "value": "{semantic.sizing.$component-default}",
            "type": "sizing"
          }
        },
        "picker": {
          "header": {
            "height": {
              "value": "{semantic.sizing.$cell-default}",
              "type": "sizing"
            }
          },
          "footer": {
            "height": {
              "value": "{semantic.sizing.$cell-default}",
              "type": "sizing"
            }
          }
        }
      },
      "spacing": {
        "field": {
          "padding": {
            "left": {
              "value": "{aux-spacing.text-input.padding.left}",
              "type": "spacing"
            },
            "right": {
              "value": "{aux-spacing.text-input.padding.right}",
              "type": "spacing"
            },
            "top": {
              "value": "{aux-spacing.text-input.padding.top}",
              "type": "spacing"
            },
            "bottom": {
              "value": "{aux-spacing.text-input.padding.bottom}",
              "type": "spacing"
            }
          },
          "gap": {
            "horizontal": {
              "value": "{aux-spacing.text-input.gap.horizontal}",
              "type": "spacing"
            },
            "vertical": {
              "value": "{aux-spacing.text-input.gap.vertical}",
              "type": "spacing"
            },
            "label-input": {
              "value": "{aux-spacing.text-input.gap.label-input}",
              "type": "spacing"
            }
          }
        },
        "picker": {
          "header": {
            "padding": {
              "left": {
                "value": "{semantic.spacing.constant-scale.sm}",
                "type": "spacing"
              },
              "right": {
                "value": "{semantic.spacing.constant-scale.sm}",
                "type": "spacing"
              },
              "top": {
                "value": "{semantic.spacing.constant-scale.none}",
                "type": "spacing"
              },
              "bottom": {
                "value": "{semantic.spacing.constant-scale.none}",
                "type": "spacing"
              }
            },
            "gap": {
              "horizontal": {
                "value": "{semantic.spacing.constant-scale.none}",
                "type": "spacing"
              }
            }
          },
          "footer": {
            "padding": {
              "left": {
                "value": "{semantic.spacing.constant-scale.none}",
                "type": "spacing"
              },
              "right": {
                "value": "{semantic.spacing.constant-scale.none}",
                "type": "spacing"
              },
              "top": {
                "value": "{semantic.spacing.constant-scale.none}",
                "type": "spacing"
              },
              "bottom": {
                "value": "{semantic.spacing.constant-scale.none}",
                "type": "spacing"
              }
            },
            "gap": {
              "horizontal": {
                "value": "{semantic.spacing.constant-scale.sm}",
                "type": "spacing"
              }
            }
          },
          "content": {
            "padding": {
              "left": {
                "value": "{semantic.spacing.constant-scale.none}",
                "type": "spacing"
              },
              "right": {
                "value": "{semantic.spacing.constant-scale.none}",
                "type": "spacing"
              },
              "top": {
                "value": "{semantic.spacing.constant-scale.none}",
                "type": "spacing"
              },
              "bottom": {
                "value": "{semantic.spacing.constant-scale.none}",
                "type": "spacing"
              }
            },
            "gap": {
              "vertical": {
                "value": "{semantic.spacing.constant-scale.xs}",
                "type": "spacing"
              }
            }
          }
        }
      },
      "border-radius": {
        "field": {
          "outlined": {
            "value": "{semantic.border-radius.none}",
            "type": "borderRadius"
          },
          "filled": {
            "value": "{semantic.border-radius.none}",
            "type": "borderRadius"
          }
        },
        "picker": {
          "header": {
            "top-left": {
              "value": "{semantic.border-radius.none}",
              "type": "borderRadius"
            },
            "top-right": {
              "value": "{semantic.border-radius.none}",
              "type": "borderRadius"
            },
            "bottom-left": {
              "value": "{semantic.border-radius.none}",
              "type": "borderRadius"
            },
            "bottom-right": {
              "value": "{semantic.border-radius.none}",
              "type": "borderRadius"
            }
          },
          "content": {
            "top-left": {
              "value": "{semantic.border-radius.none}",
              "type": "borderRadius"
            },
            "top-right": {
              "value": "{semantic.border-radius.none}",
              "type": "borderRadius"
            },
            "bottom-left": {
              "value": "{semantic.border-radius.none}",
              "type": "borderRadius"
            },
            "bottom-right": {
              "value": "{semantic.border-radius.none}",
              "type": "borderRadius"
            }
          },
          "footer": {
            "top-left": {
              "value": "{semantic.border-radius.none}",
              "type": "borderRadius"
            },
            "top-right": {
              "value": "{semantic.border-radius.none}",
              "type": "borderRadius"
            },
            "bottom-left": {
              "value": "{semantic.border-radius.none}",
              "type": "borderRadius"
            },
            "bottom-right": {
              "value": "{semantic.border-radius.none}",
              "type": "borderRadius"
            }
          },
          "item": {
            "initial": {
              "top-left": {
                "value": "{semantic.border-radius.none}",
                "type": "borderRadius"
              },
              "top-right": {
                "value": "{semantic.border-radius.none}",
                "type": "borderRadius"
              },
              "bottom-left": {
                "value": "{semantic.border-radius.none}",
                "type": "borderRadius"
              },
              "bottom-right": {
                "value": "{semantic.border-radius.none}",
                "type": "borderRadius"
              }
            },
            "out-of-month": {
              "top-left": {
                "value": "{semantic.border-radius.none}",
                "type": "borderRadius"
              },
              "top-right": {
                "value": "{semantic.border-radius.none}",
                "type": "borderRadius"
              },
              "bottom-left": {
                "value": "{semantic.border-radius.none}",
                "type": "borderRadius"
              },
              "bottom-right": {
                "value": "{semantic.border-radius.none}",
                "type": "borderRadius"
              }
            },
            "selected": {
              "top-left": {
                "value": "{semantic.border-radius.md}",
                "type": "borderRadius"
              },
              "top-right": {
                "value": "{semantic.border-radius.md}",
                "type": "borderRadius"
              },
              "bottom-left": {
                "value": "{semantic.border-radius.md}",
                "type": "borderRadius"
              },
              "bottom-right": {
                "value": "{semantic.border-radius.md}",
                "type": "borderRadius"
              }
            },
            "start-range-selected": {
              "top-left": {
                "value": "{semantic.border-radius.md}",
                "type": "borderRadius"
              },
              "top-right": {
                "value": "{semantic.border-radius.none}",
                "type": "borderRadius"
              },
              "bottom-left": {
                "value": "{semantic.border-radius.md}",
                "type": "borderRadius"
              },
              "bottom-right": {
                "value": "{semantic.border-radius.none}",
                "type": "borderRadius"
              }
            },
            "end-range-selected": {
              "top-left": {
                "value": "{semantic.border-radius.none}",
                "type": "borderRadius"
              },
              "top-right": {
                "value": "{semantic.border-radius.md}",
                "type": "borderRadius"
              },
              "bottom-left": {
                "value": "{semantic.border-radius.none}",
                "type": "borderRadius"
              },
              "bottom-right": {
                "value": "{semantic.border-radius.md}",
                "type": "borderRadius"
              }
            },
            "disabled": {
              "top-left": {
                "value": "{semantic.border-radius.none}",
                "type": "borderRadius"
              },
              "top-right": {
                "value": "{semantic.border-radius.none}",
                "type": "borderRadius"
              },
              "bottom-left": {
                "value": "{semantic.border-radius.none}",
                "type": "borderRadius"
              },
              "bottom-right": {
                "value": "{semantic.border-radius.none}",
                "type": "borderRadius"
              }
            },
            "mid-range": {
              "top-left": {
                "value": "{semantic.border-radius.none}",
                "type": "borderRadius"
              },
              "top-right": {
                "value": "{semantic.border-radius.none}",
                "type": "borderRadius"
              },
              "bottom-left": {
                "value": "{semantic.border-radius.none}",
                "type": "borderRadius"
              },
              "bottom-right": {
                "value": "{semantic.border-radius.none}",
                "type": "borderRadius"
              }
            },
            "hover": {
              "top-left": {
                "value": "{semantic.border-radius.none}",
                "type": "borderRadius"
              },
              "top-right": {
                "value": "{semantic.border-radius.none}",
                "type": "borderRadius"
              },
              "bottom-left": {
                "value": "{semantic.border-radius.none}",
                "type": "borderRadius"
              },
              "bottom-right": {
                "value": "{semantic.border-radius.none}",
                "type": "borderRadius"
              }
            }
          }
        }
      },
      "border-width": {
        "field": {
          "filled": {
            "initial": {
              "top": {
                "value": "{semantic.border.width.filled-component}",
                "type": "borderWidth"
              },
              "left": {
                "value": "{semantic.border.width.filled-component}",
                "type": "borderWidth"
              },
              "right": {
                "value": "{semantic.border.width.filled-component}",
                "type": "borderWidth"
              },
              "bottom": {
                "value": "{semantic.border.width.outline-component}",
                "type": "borderWidth"
              }
            },
            "disabled": {
              "top": {
                "value": "{semantic.border.width.filled-component}",
                "type": "borderWidth"
              },
              "left": {
                "value": "{semantic.border.width.filled-component}",
                "type": "borderWidth"
              },
              "right": {
                "value": "{semantic.border.width.filled-component}",
                "type": "borderWidth"
              },
              "bottom": {
                "value": "{semantic.border.width.outline-component}",
                "type": "borderWidth"
              }
            },
            "content-filled": {
              "top": {
                "value": "{semantic.border.width.filled-component}",
                "type": "borderWidth"
              },
              "left": {
                "value": "{semantic.border.width.filled-component}",
                "type": "borderWidth"
              },
              "right": {
                "value": "{semantic.border.width.filled-component}",
                "type": "borderWidth"
              },
              "bottom": {
                "value": "{semantic.border.width.outline-component}",
                "type": "borderWidth"
              }
            },
            "focus": {
              "top": {
                "value": "{semantic.border.width.outline-component}",
                "type": "borderWidth"
              },
              "left": {
                "value": "{semantic.border.width.outline-component}",
                "type": "borderWidth"
              },
              "right": {
                "value": "{semantic.border.width.outline-component}",
                "type": "borderWidth"
              },
              "bottom": {
                "value": "{semantic.border.width.outline-component}",
                "type": "borderWidth"
              }
            },
            "error": {
              "top": {
                "value": "{semantic.border.width.outline-component}",
                "type": "borderWidth"
              },
              "left": {
                "value": "{semantic.border.width.outline-component}",
                "type": "borderWidth"
              },
              "right": {
                "value": "{semantic.border.width.outline-component}",
                "type": "borderWidth"
              },
              "bottom": {
                "value": "{semantic.border.width.outline-component}",
                "type": "borderWidth"
              }
            }
          },
          "outlined": {
            "initial": {
              "top": {
                "value": "{semantic.border.width.outline-component}",
                "type": "borderWidth"
              },
              "left": {
                "value": "{semantic.border.width.outline-component}",
                "type": "borderWidth"
              },
              "right": {
                "value": "{semantic.border.width.outline-component}",
                "type": "borderWidth"
              },
              "bottom": {
                "value": "{semantic.border.width.outline-component}",
                "type": "borderWidth"
              }
            },
            "disabled": {
              "top": {
                "value": "{semantic.border.width.outline-component}",
                "type": "borderWidth"
              },
              "left": {
                "value": "{semantic.border.width.outline-component}",
                "type": "borderWidth"
              },
              "right": {
                "value": "{semantic.border.width.outline-component}",
                "type": "borderWidth"
              },
              "bottom": {
                "value": "{semantic.border.width.outline-component}",
                "type": "borderWidth"
              }
            },
            "content-filled": {
              "top": {
                "value": "{semantic.border.width.outline-component}",
                "type": "borderWidth"
              },
              "left": {
                "value": "{semantic.border.width.outline-component}",
                "type": "borderWidth"
              },
              "right": {
                "value": "{semantic.border.width.outline-component}",
                "type": "borderWidth"
              },
              "bottom": {
                "value": "{semantic.border.width.outline-component}",
                "type": "borderWidth"
              }
            },
            "focus": {
              "top": {
                "value": "{semantic.border.width.outline-component}",
                "type": "borderWidth"
              },
              "left": {
                "value": "{semantic.border.width.outline-component}",
                "type": "borderWidth"
              },
              "right": {
                "value": "{semantic.border.width.outline-component}",
                "type": "borderWidth"
              },
              "bottom": {
                "value": "{semantic.border.width.outline-component}",
                "type": "borderWidth"
              }
            },
            "error": {
              "top": {
                "value": "{semantic.border.width.outline-component}",
                "type": "borderWidth"
              },
              "left": {
                "value": "{semantic.border.width.outline-component}",
                "type": "borderWidth"
              },
              "right": {
                "value": "{semantic.border.width.outline-component}",
                "type": "borderWidth"
              },
              "bottom": {
                "value": "{semantic.border.width.outline-component}",
                "type": "borderWidth"
              }
            }
          }
        },
        "picker": {
          "header": {
            "left": {
              "value": "{semantic.border.width.filled-component}",
              "type": "borderWidth"
            },
            "right": {
              "value": "{semantic.border.width.filled-component}",
              "type": "borderWidth"
            },
            "top": {
              "value": "{semantic.border.width.filled-component}",
              "type": "borderWidth"
            },
            "bottom": {
              "value": "{semantic.border.width.outline-component}",
              "type": "borderWidth"
            }
          },
          "content": {
            "left": {
              "value": "{semantic.border.width.filled-component}",
              "type": "borderWidth"
            },
            "right": {
              "value": "{semantic.border.width.filled-component}",
              "type": "borderWidth"
            },
            "top": {
              "value": "{semantic.border.width.filled-component}",
              "type": "borderWidth"
            },
            "bottom": {
              "value": "{semantic.border.width.filled-component}",
              "type": "borderWidth"
            }
          },
          "footer": {
            "left": {
              "value": "{semantic.border.width.filled-component}",
              "type": "borderWidth"
            },
            "right": {
              "value": "{semantic.border.width.filled-component}",
              "type": "borderWidth"
            },
            "top": {
              "value": "{semantic.border.width.outline-component}",
              "type": "borderWidth"
            },
            "bottom": {
              "value": "{semantic.border.width.filled-component}",
              "type": "borderWidth"
            }
          }
        }
      },
      "typography": {
        "field": {
          "placeholder-input": {
            "value": "{semantic.typography.placeholder}",
            "type": "typography"
          },
          "content-input": {
            "value": "{semantic.typography.content-text}",
            "type": "typography"
          },
          "text-counter": {
            "value": "{semantic.typography.content-text}",
            "type": "typography"
          },
          "hint-input": {
            "value": "{semantic.typography.label}",
            "type": "typography"
          }
        },
        "picker": {
          "header": {
            "title-picker": {
              "value": "{semantic.typography.xs-header}",
              "type": "typography"
            }
          },
          "content": {
            "picker-text": {
              "value": "{semantic.typography.label}",
              "type": "typography"
            }
          }
        }
      },
      "opacity": {
        "picker": {
          "item": {
            "background": {
              "initial": {
                "value": "{semantic.opacity.invisible}",
                "type": "opacity"
              },
              "out-of-month": {
                "value": "{semantic.opacity.invisible}",
                "type": "opacity"
              },
              "selected": {
                "value": "{semantic.opacity.solid}",
                "type": "opacity"
              },
              "start-range-selected": {
                "value": "{semantic.opacity.solid}",
                "type": "opacity"
              },
              "end-range-selected": {
                "value": "{semantic.opacity.solid}",
                "type": "opacity"
              },
              "disabled": {
                "value": "{semantic.opacity.invisible}",
                "type": "opacity"
              },
              "mid-range": {
                "value": "{semantic.opacity.solid}",
                "type": "opacity"
              },
              "hover": {
                "value": "{semantic.opacity.solid}",
                "type": "opacity"
              }
            }
          }
        }
      }
    }
  }
}