{
  "component": {
    "notification": {
      "spacing": {
        "gap": {
          "horizontal": {
            "value": "{aux-spacing.notification.gap.horizontal}",
            "type": "spacing"
          },
          "vertical": {
            "value": "{aux-spacing.notification.gap.vertical}",
            "type": "spacing"
          }
        },
        "padding": {
          "horizontal": {
            "value": "{aux-spacing.notification.padding.horizontal}",
            "type": "spacing"
          },
          "vertical": {
            "value": "{aux-spacing.notification.padding.vertical}",
            "type": "spacing"
          }
        }
      },
      "color": {
        "background": {
          "info": {
            "value": "{semantic.color.palette.primary.$background}",
            "type": "color"
          },
          "success": {
            "value": "{semantic.color.palette.success.$background}",
            "type": "color"
          },
          "warning": {
            "value": "{semantic.color.palette.warning.$background}",
            "type": "color"
          },
          "danger": {
            "value": "{semantic.color.palette.danger.$background}",
            "type": "color"
          }
        },
        "border": {
          "info": {
            "value": "$semantic.color.palette.primary.$border",
            "type": "color"
          },
          "success": {
            "value": "{semantic.color.palette.success.$border}",
            "type": "color"
          },
          "warning": {
            "value": "{semantic.color.palette.warning.$border}",
            "type": "color"
          },
          "danger": {
            "value": "{semantic.color.palette.danger.$border}",
            "type": "color"
          }
        },
        "border-indicator": {
          "info": {
            "value": "$semantic.color.palette.primary.$base",
            "type": "color"
          },
          "success": {
            "value": "{semantic.color.palette.success.$base}",
            "type": "color"
          },
          "warning": {
            "value": "{semantic.color.palette.warning.$base}",
            "type": "color"
          },
          "danger": {
            "value": "{semantic.color.palette.danger.$base}",
            "type": "color"
          }
        },
        "icon": {
          "info": {
            "value": "$semantic.color.palette.primary.$base",
            "type": "color"
          },
          "success": {
            "value": "{semantic.color.palette.success.$base}",
            "type": "color"
          },
          "warning": {
            "value": "{semantic.color.palette.warning.$base}",
            "type": "color"
          },
          "danger": {
            "value": "{semantic.color.palette.danger.$base}",
            "type": "color"
          }
        },
        "title": {
          "info": {
            "value": "$semantic.color.text-content.$strongest",
            "type": "color"
          },
          "success": {
            "value": "$semantic.color.text-content.$strongest",
            "type": "color"
          },
          "warning": {
            "value": "$semantic.color.text-content.$strongest",
            "type": "color"
          },
          "danger": {
            "value": "$semantic.color.text-content.$strongest",
            "type": "color"
          }
        },
        "description": {
          "info": {
            "value": "$semantic.color.text-content.$strongest",
            "type": "color"
          },
          "success": {
            "value": "$semantic.color.text-content.$strongest",
            "type": "color"
          },
          "warning": {
            "value": "$semantic.color.text-content.$strongest",
            "type": "color"
          },
          "danger": {
            "value": "$semantic.color.text-content.$strongest",
            "type": "color"
          }
        },
        "close-icon": {
          "info": {
            "value": "$semantic.color.text-content.$strongest",
            "type": "color"
          },
          "success": {
            "value": "$semantic.color.text-content.$strongest",
            "type": "color"
          },
          "warning": {
            "value": "$semantic.color.text-content.$strongest",
            "type": "color"
          },
          "danger": {
            "value": "$semantic.color.text-content.$strongest",
            "type": "color"
          }
        }
      },
      "border-width": {
        "info": {
          "left": {
            "value": "{semantic.border.width.Selected-component}",
            "type": "borderWidth"
          },
          "right": {
            "value": "{semantic.border.width.outline-component}",
            "type": "borderWidth"
          },
          "bottom": {
            "value": "{semantic.border.width.outline-component}",
            "type": "borderWidth"
          },
          "top": {
            "value": "{semantic.border.width.outline-component}",
            "type": "borderWidth"
          }
        }
      },
      "typography": {
        "title": {
          "value": "{semantic.typography.xs-header}",
          "type": "typography"
        },
        "description": {
          "value": "{semantic.typography.content-text}",
          "type": "typography"
        }
      }
    }
  }
}