{
  "component": {
    "panel-header": {
      "sizing": {
        "height": {
          "value": "{semantic.sizing.$component-header}",
          "type": "sizing"
        },
        "icon-size": {
          "value": "$semantic.sizing.$inside-component",
          "type": "sizing"
        }
      },
      "spacing": {
        "gap": {
          "horizontal": {
            "value": "{aux-spacing.panel-header.gap.horizontal}",
            "type": "spacing"
          }
        },
        "padding": {
          "horizontal": {
            "value": "{aux-spacing.panel-header.padding.horizontal}",
            "type": "spacing"
          },
          "vertical": {
            "value": "{aux-spacing.panel-header.padding.vertical}",
            "type": "spacing"
          }
        }
      },
      "color": {
        "background": {
          "value": "{semantic.color.background.level.$ground}",
          "type": "color"
        },
        "border": {
          "value": "$semantic.color.border.$border-weak",
          "type": "color"
        },
        "text": {
          "value": "$semantic.color.text.content-filled",
          "type": "color"
        },
        "icon": {
          "value": "$semantic.color.text-content.$strongest",
          "type": "color"
        }
      },
      "border-radius": {
        "value": "{semantic.border-radius.none}",
        "type": "borderRadius"
      },
      "border-width": {
        "top": {
          "value": "{semantic.border.width.filled-component}",
          "type": "borderWidth"
        },
        "right": {
          "value": "{semantic.border.width.filled-component}",
          "type": "borderWidth"
        },
        "bottom": {
          "value": "{semantic.border.width.outline-component}",
          "type": "borderWidth"
        },
        "left": {
          "value": "{semantic.border.width.filled-component}",
          "type": "borderWidth"
        }
      },
      "typography": {
        "panel-title": {
          "value": "{semantic.typography.xs-header}",
          "type": "typography"
        }
      }
    }
  }
}