{
  "component": {
    "popover": {
      "color": {
        "background": {
          "value": "{semantic.color.background.level.$ground}",
          "type": "color"
        },
        "title": {
          "value": "{semantic.color.text-content.$strongest}",
          "type": "color"
        },
        "paragraph": {
          "value": "{semantic.color.text-content.$strongest}",
          "type": "color"
        },
        "icon": {
          "primary": {
            "value": "$semantic.color.text-content.$brand",
            "type": "color"
          },
          "warning": {
            "value": "$semantic.color.palette.warning.$base",
            "type": "color"
          },
          "danger": {
            "value": "$semantic.color.palette.danger.$base",
            "type": "color"
          }
        }
      },
      "spacing": {
        "padding": {
          "horizontal": {
            "value": "{aux-spacing.popconfirm.padding.horizontal}",
            "type": "spacing"
          },
          "vertical": {
            "value": "{aux-spacing.popconfirm.padding.vertical}",
            "type": "spacing"
          }
        }
      }
    },
    "popconfirm": {
      "typography": {
        "title": {
          "value": "{semantic.typography.label}",
          "type": "typography"
        },
        "paragraph": {
          "value": "{semantic.typography.content-text}",
          "type": "typography"
        }
      },
      "box-shadow": {
        "value": "{semantic.box-shadow.floating}",
        "type": "boxShadow"
      }
    }
  }
}