{
  "component": {
    "popover": {
      "color": {
        "background": {
          "value": "{semantic.color.background.level.$ground}",
          "type": "color"
        }
      },
      "spacing": {
        "padding": {
          "horizontal": {
            "value": "{aux-spacing.popover.padding.horizontal}",
            "type": "spacing"
          },
          "vertical": {
            "value": "{aux-spacing.popover.padding.vertical}",
            "type": "spacing"
          }
        }
      },
      "box-shadow": {
        "value": "{semantic.box-shadow.floating}",
        "type": "boxShadow"
      }
    }
  }
}