{
  "component": {
    "progress": {
      "sizing": {
        "bar": {
          "height": {
            "value": "$semantic.sizing.$sub-element",
            "type": "sizing"
          }
        },
        "icon": {
          "height": {
            "value": "$semantic.sizing.$inside-component",
            "type": "sizing"
          }
        },
        "component-bar": {
          "height": {
            "value": "$semantic.sizing.$component-default",
            "type": "sizing"
          }
        }
      },
      "spacing": {
        "gap": {
          "horizontal": {
            "value": "{aux-spacing.progress.gap.horizontal}",
            "type": "spacing"
          }
        }
      },
      "color": {
        "background": {
          "not-filled": {
            "value": "{semantic.color.background.level.raised-3}",
            "type": "color"
          },
          "primary": {
            "value": "{semantic.color.background.brand.$brand}",
            "type": "color"
          },
          "success": {
            "value": "$semantic.color.palette.success.$base",
            "type": "color"
          },
          "danger": {
            "value": "$semantic.color.palette.danger.$base",
            "type": "color"
          }
        },
        "text": {
          "percentage": {
            "value": "$semantic.color.text-content.$strongest",
            "type": "color"
          }
        },
        "icon": {
          "percentage": {
            "value": "$semantic.color.text-content.$strongest",
            "type": "color"
          }
        }
      },
      "border-radius": {
        "bar": {
          "value": "{semantic.border-radius.full}",
          "type": "borderRadius"
        }
      },
      "percentage": {
        "value": "{semantic.typography.label}",
        "type": "typography"
      }
    }
  }
}