{
  "component": {
    "radio-group": {
      "sizing": {
        "height": {
          "value": "{semantic.sizing.$inside-component-sm-scale}",
          "type": "sizing"
        },
        "width": {
          "value": "{semantic.sizing.$inside-component-sm-scale}",
          "type": "sizing"
        },
        "internal-circle": {
          "height": {
            "value": "{semantic.sizing.$inside-component-sm-scale}/2",
            "type": "sizing"
          },
          "width": {
            "value": "{semantic.sizing.$inside-component-sm-scale}/2",
            "type": "sizing"
          }
        }
      },
      "spacing": {
        "label-gap": {
          "value": "{semantic.spacing.constant-scale.sm}",
          "type": "spacing"
        },
        "horizontal-group-gap": {
          "value": "{semantic.spacing.constant-scale.md}",
          "type": "spacing"
        },
        "vertical-group-gap": {
          "value": "{semantic.spacing.constant-scale.xs}",
          "type": "spacing"
        }
      },
      "color": {
        "background": {
          "initial": {
            "value": "{semantic.color.background.level.$ground}",
            "type": "color"
          },
          "focus": {
            "value": "{semantic.color.background.level.$ground}",
            "type": "color"
          },
          "disabled": {
            "value": "$semantic.color.disabled.background",
            "type": "color"
          }
        },
        "border": {
          "initial": {
            "value": "$semantic.color.border.$border-hardest",
            "type": "color"
          },
          "focus": {
            "value": "$semantic.color.border.$focus",
            "type": "color"
          },
          "disabled": {
            "value": "$semantic.color.disabled.border",
            "type": "color"
          }
        },
        "text": {
          "initial": {
            "value": "$semantic.color.text-content.$strongest",
            "type": "color"
          },
          "focus": {
            "value": "$semantic.color.text-content.$strongest",
            "type": "color"
          },
          "disabled": {
            "value": "$semantic.color.disabled.content",
            "type": "color"
          }
        },
        "selected-circle": {
          "initial": {
            "value": "$semantic.color.background.brand.$brand",
            "type": "color"
          },
          "focus": {
            "value": "$semantic.color.background.brand.$brand",
            "type": "color"
          },
          "disabled": {
            "value": "$semantic.color.disabled.content",
            "type": "color"
          }
        }
      },
      "border-width": {
        "initial": {
          "value": "{semantic.border.width.outline-component}",
          "type": "borderWidth"
        },
        "focus": {
          "value": "{semantic.border.width.outline-component}",
          "type": "borderWidth"
        }
      },
      "typography": {
        "radio-text": {
          "value": "{semantic.typography.label}",
          "type": "typography"
        }
      }
    }
  }
}