{
  "component": {
    "search-input": {
      "color": {
        "border": {
          "outlined": {
            "initial": {
              "value": "{semantic.color.border.$border-normal}",
              "type": "color"
            },
            "disabled": {
              "value": "$semantic.color.disabled.border",
              "type": "color"
            },
            "content-filled": {
              "value": "{semantic.color.border.$border-normal}",
              "type": "color"
            },
            "error": {
              "value": "{semantic.color.palette.danger.$base}",
              "type": "color"
            },
            "focus": {
              "value": "{semantic.color.border.$focus}",
              "type": "color"
            }
          },
          "filled": {
            "initial": {
              "value": "{semantic.color.border.$border-hardest}",
              "type": "color"
            },
            "disabled": {
              "value": "$semantic.color.disabled.border",
              "type": "color"
            },
            "content-filled": {
              "value": "{semantic.color.border.$border-hardest}",
              "type": "color"
            },
            "error": {
              "value": "{semantic.color.palette.danger.$base}",
              "type": "color"
            },
            "focus": {
              "value": "{semantic.color.border.$focus}",
              "type": "color"
            }
          }
        },
        "background": {
          "outlined": {
            "initial": {
              "value": "{semantic.color.background.level.$ground}",
              "type": "color"
            },
            "disabled": {
              "value": "$semantic.color.disabled.background",
              "type": "color"
            },
            "content-filled": {
              "value": "{semantic.color.background.level.$ground}",
              "type": "color"
            },
            "error": {
              "value": "{semantic.color.background.level.$ground}",
              "type": "color"
            },
            "focus": {
              "value": "{semantic.color.background.level.$ground}",
              "type": "color"
            }
          },
          "filled": {
            "initial": {
              "value": "{semantic.color.background.level.raised-1}",
              "type": "color"
            },
            "disabled": {
              "value": "$semantic.color.disabled.background",
              "type": "color"
            },
            "content-filled": {
              "value": "{semantic.color.background.level.raised-1}",
              "type": "color"
            },
            "error": {
              "value": "{semantic.color.background.level.raised-1}",
              "type": "color"
            },
            "focus": {
              "value": "{semantic.color.background.level.raised-1}",
              "type": "color"
            }
          }
        },
        "text": {
          "outlined": {
            "initial": {
              "value": "{semantic.color.text.placeholder}",
              "type": "color"
            },
            "disabled": {
              "value": "$semantic.color.disabled.content",
              "type": "color"
            },
            "content-filled": {
              "value": "{semantic.color.text.content-filled}",
              "type": "color"
            },
            "error": {
              "value": "{semantic.color.text.content-filled}",
              "type": "color"
            },
            "focus": {
              "value": "{semantic.color.text.content-filled}",
              "type": "color"
            }
          },
          "filled": {
            "initial": {
              "value": "{semantic.color.text.placeholder}",
              "type": "color"
            },
            "disabled": {
              "value": "$semantic.color.disabled.content",
              "type": "color"
            },
            "content-filled": {
              "value": "{semantic.color.text.content-filled}",
              "type": "color"
            },
            "error": {
              "value": "{semantic.color.text.content-filled}",
              "type": "color"
            },
            "focus": {
              "value": "{semantic.color.text.content-filled}",
              "type": "color"
            }
          }
        }
      },
      "sizing": {
        "height": {
          "value": "{semantic.sizing.$component-default}",
          "type": "sizing"
        }
      },
      "spacing": {
        "padding": {
          "left": {
            "value": "{aux-spacing.search-input.padding.left}",
            "type": "spacing"
          },
          "right": {
            "value": "{aux-spacing.search-input.padding.right}",
            "type": "spacing"
          },
          "top": {
            "value": "{aux-spacing.search-input.padding.top}",
            "type": "spacing"
          },
          "bottom": {
            "value": "{aux-spacing.search-input.padding.bottom}",
            "type": "spacing"
          }
        },
        "gap": {
          "horizontal": {
            "value": "{aux-spacing.search-input.gap.horizontal}",
            "type": "spacing"
          },
          "vertical": {
            "value": "{aux-spacing.search-input.gap.vertical}",
            "type": "spacing"
          },
          "label-input": {
            "value": "{aux-spacing.search-input.gap.label-input}",
            "type": "spacing"
          }
        }
      },
      "border-radius": {
        "outlined": {
          "value": "{semantic.border-radius.none}",
          "type": "borderRadius"
        },
        "filled": {
          "value": "{semantic.border-radius.none}",
          "type": "borderRadius"
        }
      },
      "border-width": {
        "filled": {
          "initial": {
            "top": {
              "value": "{semantic.border.width.filled-component}",
              "type": "borderWidth"
            },
            "left": {
              "value": "{semantic.border.width.filled-component}",
              "type": "borderWidth"
            },
            "right": {
              "value": "{semantic.border.width.filled-component}",
              "type": "borderWidth"
            },
            "bottom": {
              "value": "{semantic.border.width.outline-component}",
              "type": "borderWidth"
            }
          },
          "disabled": {
            "top": {
              "value": "{semantic.border.width.filled-component}",
              "type": "borderWidth"
            },
            "left": {
              "value": "{semantic.border.width.filled-component}",
              "type": "borderWidth"
            },
            "right": {
              "value": "{semantic.border.width.filled-component}",
              "type": "borderWidth"
            },
            "bottom": {
              "value": "{semantic.border.width.outline-component}",
              "type": "borderWidth"
            }
          },
          "content-filled": {
            "top": {
              "value": "{semantic.border.width.filled-component}",
              "type": "borderWidth"
            },
            "left": {
              "value": "{semantic.border.width.filled-component}",
              "type": "borderWidth"
            },
            "right": {
              "value": "{semantic.border.width.filled-component}",
              "type": "borderWidth"
            },
            "bottom": {
              "value": "{semantic.border.width.outline-component}",
              "type": "borderWidth"
            }
          },
          "focus": {
            "top": {
              "value": "{semantic.border.width.outline-component}",
              "type": "borderWidth"
            },
            "left": {
              "value": "{semantic.border.width.outline-component}",
              "type": "borderWidth"
            },
            "right": {
              "value": "{semantic.border.width.outline-component}",
              "type": "borderWidth"
            },
            "bottom": {
              "value": "{semantic.border.width.outline-component}",
              "type": "borderWidth"
            }
          },
          "error": {
            "top": {
              "value": "{semantic.border.width.outline-component}",
              "type": "borderWidth"
            },
            "left": {
              "value": "{semantic.border.width.outline-component}",
              "type": "borderWidth"
            },
            "right": {
              "value": "{semantic.border.width.outline-component}",
              "type": "borderWidth"
            },
            "bottom": {
              "value": "{semantic.border.width.outline-component}",
              "type": "borderWidth"
            }
          }
        },
        "outlined": {
          "initial": {
            "top": {
              "value": "{semantic.border.width.outline-component}",
              "type": "borderWidth"
            },
            "left": {
              "value": "{semantic.border.width.outline-component}",
              "type": "borderWidth"
            },
            "right": {
              "value": "{semantic.border.width.outline-component}",
              "type": "borderWidth"
            },
            "bottom": {
              "value": "{semantic.border.width.outline-component}",
              "type": "borderWidth"
            }
          },
          "disabled": {
            "top": {
              "value": "{semantic.border.width.outline-component}",
              "type": "borderWidth"
            },
            "left": {
              "value": "{semantic.border.width.outline-component}",
              "type": "borderWidth"
            },
            "right": {
              "value": "{semantic.border.width.outline-component}",
              "type": "borderWidth"
            },
            "bottom": {
              "value": "{semantic.border.width.outline-component}",
              "type": "borderWidth"
            }
          },
          "content-filled": {
            "top": {
              "value": "{semantic.border.width.outline-component}",
              "type": "borderWidth"
            },
            "left": {
              "value": "{semantic.border.width.outline-component}",
              "type": "borderWidth"
            },
            "right": {
              "value": "{semantic.border.width.outline-component}",
              "type": "borderWidth"
            },
            "bottom": {
              "value": "{semantic.border.width.outline-component}",
              "type": "borderWidth"
            }
          },
          "focus": {
            "top": {
              "value": "{semantic.border.width.outline-component}",
              "type": "borderWidth"
            },
            "left": {
              "value": "{semantic.border.width.outline-component}",
              "type": "borderWidth"
            },
            "right": {
              "value": "{semantic.border.width.outline-component}",
              "type": "borderWidth"
            },
            "bottom": {
              "value": "{semantic.border.width.outline-component}",
              "type": "borderWidth"
            }
          },
          "error": {
            "top": {
              "value": "{semantic.border.width.outline-component}",
              "type": "borderWidth"
            },
            "left": {
              "value": "{semantic.border.width.outline-component}",
              "type": "borderWidth"
            },
            "right": {
              "value": "{semantic.border.width.outline-component}",
              "type": "borderWidth"
            },
            "bottom": {
              "value": "{semantic.border.width.outline-component}",
              "type": "borderWidth"
            }
          }
        }
      },
      "typography": {
        "placeholder-input": {
          "value": "{semantic.typography.placeholder}",
          "type": "typography"
        },
        "content-input": {
          "value": "{semantic.typography.content-text}",
          "type": "typography"
        },
        "text-counter": {
          "value": "{semantic.typography.content-text}",
          "type": "typography"
        },
        "hint-input": {
          "value": "{semantic.typography.label}",
          "type": "typography"
        }
      }
    }
  }
}