{
  "component": {
    "section": {
      "sizing": {
        "height": {
          "value": "{semantic.sizing.$component-header}",
          "type": "sizing"
        }
      },
      "spacing": {
        "padding": {
          "horizontal": {
            "value": "{aux-spacing.section.padding.horizontal}",
            "type": "spacing"
          }
        },
        "gap": {
          "horizontal": {
            "left-content": {
              "value": "{aux-spacing.section.gap.horizontal.left-content}",
              "type": "spacing"
            },
            "right-content": {
              "value": "{aux-spacing.section.gap.horizontal.right-content}",
              "type": "spacing"
            }
          }
        }
      },
      "color": {
        "border": {
          "active": {
            "value": "{semantic.color.border.$focus}",
            "type": "color"
          }
        },
        "text": {
          "active": {
            "value": "$semantic.color.text-content.$strongest",
            "type": "color"
          },
          "description": {
            "value": "$semantic.color.text-content.$base",
            "type": "color"
          }
        },
        "icon": {
          "active": {
            "value": "$semantic.color.text-content.$strongest",
            "type": "color"
          }
        }
      },
      "border-width": {
        "active": {
          "left": {
            "value": "{semantic.border.width.Selected-component}",
            "type": "borderWidth"
          },
          "right": {
            "value": "{semantic.border.width.outline-component}",
            "type": "borderWidth"
          },
          "top": {
            "value": "{semantic.border.width.outline-component}",
            "type": "borderWidth"
          },
          "bottom": {
            "value": "{semantic.border.width.outline-component}",
            "type": "borderWidth"
          }
        }
      },
      "typography": {
        "title": {
          "value": "{semantic.typography.xs-header}",
          "type": "typography"
        },
        "description": {
          "value": "{semantic.typography.submenu-label}",
          "type": "typography"
        }
      }
    }
  }
}