{
  "component": {
    "sidepanel": {
      "sizing": {
        "width": {
          "value": "{semantic.sizing.$component-panel}",
          "type": "sizing"
        }
      },
      "spacing": {
        "padding": {
          "horizontal": {
            "value": "{semantic.spacing.constant-scale.md}",
            "type": "spacing"
          },
          "vertical": {
            "value": "{semantic.spacing.constant-scale.md}",
            "type": "spacing"
          }
        }
      },
      "color": {
        "background": {
          "value": "{semantic.color.background.level.$ground}",
          "type": "color"
        },
        "icon-collapse": {
          "value": "$semantic.color.palette.primary.$content",
          "type": "color"
        },
        "border": {
          "value": "$semantic.color.border.$border-weak",
          "type": "color"
        },
        "button-collapse": {
          "value": "$semantic.color.palette.primary.$base",
          "type": "color"
        }
      },
      "border-radius": {
        "value": "{semantic.border-radius.none}",
        "type": "borderRadius"
      },
      "border-width": {
        "bottom": {
          "value": "{semantic.border.width.outline-component}",
          "type": "borderWidth"
        },
        "top": {
          "value": "{semantic.border.width.outline-component}",
          "type": "borderWidth"
        },
        "left": {
          "value": "{semantic.border.width.outline-component}",
          "type": "borderWidth"
        },
        "right": {
          "value": "{semantic.border.width.outline-component}",
          "type": "borderWidth"
        }
      }
    }
  }
}