{
  "component": {
    "steps": {
      "sizing": {
        "step-indicator": {
          "height": {
            "value": "{semantic.sizing.$component-default}",
            "type": "sizing"
          },
          "width": {
            "value": "{semantic.sizing.$component-default}",
            "type": "sizing"
          }
        },
        "step-item-dot": {
          "height": {
            "value": "$semantic.sizing.$sub-element",
            "type": "sizing"
          },
          "width": {
            "value": "$semantic.sizing.$sub-element",
            "type": "sizing"
          }
        }
      },
      "spacing": {
        "space-between": {
          "horizontal": {
            "value": "{aux-spacing.steps.gap.space-between.horizontal}",
            "type": "spacing"
          },
          "vertical": {
            "value": "{aux-spacing.steps.gap.space-between.vertical}",
            "type": "spacing"
          }
        },
        "step-item": {
          "horizontal": {
            "value": "{aux-spacing.steps.gap.step-item.horizontal}",
            "type": "spacing"
          },
          "vertical": {
            "value": "{aux-spacing.steps.gap.step-item.vertical}",
            "type": "spacing"
          }
        },
        "text": {
          "vertical": {
            "value": "{aux-spacing.steps.gap.text.vertical}",
            "type": "spacing"
          }
        }
      },
      "color": {
        "step-item": {
          "text": {
            "label": {
              "finished": {
                "value": "{semantic.color.text-content.$strongest}",
                "type": "color"
              },
              "finished-number": {
                "value": "{semantic.color.text-content.$strongest}",
                "type": "color"
              },
              "in-progress": {
                "value": "{semantic.color.text-content.$strongest}",
                "type": "color"
              },
              "waiting": {
                "value": "$semantic.color.disabled.content",
                "type": "color"
              },
              "error": {
                "value": "$semantic.color.palette.danger.$active",
                "type": "color"
              }
            },
            "description": {
              "finished": {
                "value": "$semantic.color.text-content.$strong",
                "type": "color"
              },
              "finished-number": {
                "value": "$semantic.color.text-content.$strong",
                "type": "color"
              },
              "in-progress": {
                "value": "$semantic.color.text-content.$strong",
                "type": "color"
              },
              "waiting": {
                "value": "$semantic.color.disabled.content-alt",
                "type": "color"
              },
              "error": {
                "value": "$semantic.color.palette.danger.$base",
                "type": "color"
              }
            },
            "number": {
              "finished": {
                "value": "$semantic.color.text-content.$brand",
                "type": "color"
              },
              "finished-number": {
                "value": "$semantic.color.text-content.$brand",
                "type": "color"
              },
              "in-progress": {
                "value": "$semantic.color.text-content.$brand-contrast",
                "type": "color"
              },
              "waiting": {
                "value": "{semantic.color.disabled.content}",
                "type": "color"
              },
              "error": {
                "value": "$semantic.color.text-content.$brand-contrast",
                "type": "color"
              }
            }
          },
          "background": {
            "finished": {
              "value": "$semantic.color.background.level.$ground",
              "type": "color"
            },
            "finished-number": {
              "value": "$semantic.color.background.level.$ground",
              "type": "color"
            },
            "in-progress": {
              "value": "$semantic.color.text-content.$brand",
              "type": "color"
            },
            "waiting": {
              "value": "$semantic.color.background.level.$ground",
              "type": "color"
            },
            "error": {
              "value": "$semantic.color.palette.danger.$base",
              "type": "color"
            }
          },
          "border": {
            "connector": {
              "finished": {
                "value": "{semantic.color.border.$focus}",
                "type": "color"
              },
              "finished-number": {
                "value": "{semantic.color.border.$focus}",
                "type": "color"
              },
              "in-progress": {
                "value": "{semantic.color.border.$border-hard}",
                "type": "color"
              },
              "waiting": {
                "value": "$semantic.color.disabled.border",
                "type": "color"
              },
              "error": {
                "value": "{semantic.color.border.$border-hard}",
                "type": "color"
              }
            },
            "step-indicator": {
              "finished": {
                "value": "{semantic.color.border.$border-weakest}",
                "type": "color"
              },
              "finished-number": {
                "value": "{semantic.color.border.$focus}",
                "type": "color"
              },
              "in-progress": {
                "value": "{semantic.color.border.$border-weakest}",
                "type": "color"
              },
              "waiting": {
                "value": "$semantic.color.disabled.border",
                "type": "color"
              },
              "error": {
                "value": "{semantic.color.border.$border-weakest}",
                "type": "color"
              }
            }
          }
        }
      },
      "opacity": {
        "step-item-background": {
          "finished": {
            "value": "{semantic.opacity.invisible}",
            "type": "opacity"
          },
          "finished-number": {
            "value": "{semantic.opacity.invisible}",
            "type": "opacity"
          },
          "in-progress": {
            "value": "{semantic.opacity.solid}",
            "type": "opacity"
          },
          "waiting": {
            "value": "{semantic.opacity.invisible}",
            "type": "opacity"
          },
          "error": {
            "value": "{semantic.opacity.solid}",
            "type": "opacity"
          }
        }
      },
      "border-width": {
        "step-item": {
          "finished": {
            "value": "{semantic.border.width.filled-component}",
            "type": "borderWidth"
          },
          "finished-number": {
            "value": "{semantic.border.width.outline-component}",
            "type": "borderWidth"
          },
          "in-progress": {
            "value": "{semantic.border.width.filled-component}",
            "type": "borderWidth"
          },
          "waiting": {
            "value": "{semantic.border.width.outline-component}",
            "type": "borderWidth"
          },
          "error": {
            "value": "{semantic.border.width.filled-component}",
            "type": "borderWidth"
          }
        }
      },
      "typography": {
        "title-label": {
          "value": "{semantic.typography.xs-header}",
          "type": "typography"
        },
        "description": {
          "value": "{semantic.typography.label}",
          "type": "typography"
        },
        "step-number": {
          "value": "{semantic.typography.xs-header}",
          "type": "typography"
        }
      }
    }
  }
}