{
  "component": {
    "switch": {
      "sizing": {
        "height": {
          "value": "{semantic.sizing.$inside-component}",
          "type": "sizing"
        }
      },
      "color": {
        "initial": {
          "toggle-on": {
            "value": "{semantic.color.background.brand.$brand}",
            "type": "color"
          },
          "toggle-off": {
            "value": "{semantic.color.background.level.raised-6}",
            "type": "color"
          },
          "toggle-indicator": {
            "value": "{semantic.color.background.level.$ground}",
            "type": "color"
          },
          "text": {
            "value": "{semantic.color.text.content-filled}",
            "type": "color"
          }
        },
        "focus": {
          "toggle-on": {
            "value": "{semantic.color.background.brand.$brand}",
            "type": "color"
          },
          "toggle-off": {
            "value": "{semantic.color.background.level.raised-6}",
            "type": "color"
          },
          "toggle-indicator": {
            "value": "{semantic.color.background.level.$ground}",
            "type": "color"
          },
          "text": {
            "value": "{semantic.color.text.content-filled}",
            "type": "color"
          },
          "border": {
            "value": "{semantic.color.border.$focus}",
            "type": "color"
          }
        },
        "disabled": {
          "toggle-on": {
            "value": "$semantic.color.disabled.background",
            "type": "color"
          },
          "toggle-off": {
            "value": "$semantic.color.disabled.background",
            "type": "color"
          },
          "toggle-indicator": {
            "value": "$semantic.color.disabled.content",
            "type": "color"
          },
          "text": {
            "value": "$semantic.color.disabled.content",
            "type": "color"
          }
        }
      },
      "spacing": {
        "horizontal-gap": {
          "value": "{aux-spacing.switch.gap.horizontal}",
          "type": "spacing"
        }
      },
      "border-radius": {
        "value": "{semantic.border-radius.full}",
        "type": "borderRadius"
      },
      "border-width": {
        "initial": {
          "value": "{semantic.border.width.filled-component}",
          "type": "borderWidth"
        },
        "disabled": {
          "value": "{semantic.border.width.filled-component}",
          "type": "borderWidth"
        },
        "focus": {
          "value": "{semantic.border.width.filled-component}",
          "type": "borderWidth"
        }
      }
    }
  }
}