{
  "component": {
    "tabs": {
      "document-tab": {
        "height": {
          "value": "{semantic.sizing.$component-header}",
          "type": "sizing"
        }
      },
      "underline-fixed": {
        "height": {
          "value": "{semantic.sizing.$component-header}",
          "type": "sizing"
        }
      },
      "filled-fixed": {
        "height": {
          "value": "{semantic.sizing.$component-header}",
          "type": "sizing"
        }
      },
      "spacing": {
        "document-tab": {
          "horizontal-gap": {
            "value": "{aux-spacing.tabs.gap.horizontal-document-tab}",
            "type": "spacing"
          },
          "horizontal-padding": {
            "value": "{aux-spacing.tabs.padding.horizontal-document-tab}",
            "type": "spacing"
          }
        },
        "underline-fixed": {
          "horizontal-gap": {
            "value": "{aux-spacing.tabs.gap.horizontal-underline-tab}",
            "type": "spacing"
          },
          "horizontal-padding": {
            "value": "{aux-spacing.tabs.padding.horizontal-underline-tab}",
            "type": "spacing"
          }
        },
        "filled-fixed": {
          "horizontal-gap": {
            "value": "{aux-spacing.tabs.gap.horizontal-filled-tab}",
            "type": "spacing"
          },
          "horizontal-padding": {
            "value": "{aux-spacing.tabs.padding.horizontal-filled-tab}",
            "type": "spacing"
          }
        }
      },
      "colors": {
        "background": {
          "filled-fixed": {
            "initial": {
              "value": "$semantic.color.background.level.$ground",
              "type": "color"
            },
            "hover": {
              "value": "$semantic.color.background.level.$ground",
              "type": "color"
            },
            "selected": {
              "value": "$semantic.color.background.brand.$brand",
              "type": "color"
            }
          },
          "document-tab": {
            "initial": {
              "value": "$semantic.color.background.level.$ground",
              "type": "color"
            },
            "hover": {
              "value": "$semantic.color.background.level.$ground",
              "type": "color"
            },
            "selected": {
              "value": "$semantic.color.background.level.$ground",
              "type": "color"
            }
          },
          "underline-fixed": {
            "initial": {
              "value": "$semantic.color.background.level.$ground",
              "type": "color"
            },
            "hover": {
              "value": "$semantic.color.background.level.$ground",
              "type": "color"
            },
            "selected": {
              "value": "$semantic.color.background.level.$ground",
              "type": "color"
            }
          }
        },
        "border": {
          "filled-fixed": {
            "initial": {
              "value": "$semantic.color.background.level.$ground",
              "type": "color"
            },
            "hover": {
              "value": "$semantic.color.background.level.$ground",
              "type": "color"
            },
            "selected": {
              "value": "$semantic.color.background.brand.$brand",
              "type": "color"
            }
          },
          "document-tab": {
            "initial": {
              "value": "$semantic.color.background.level.$ground",
              "type": "color"
            },
            "hover": {
              "value": "$semantic.color.background.level.$ground",
              "type": "color"
            },
            "selected": {
              "value": "$semantic.color.border.$border-normal",
              "type": "color"
            }
          },
          "underline-fixed": {
            "initial": {
              "value": "$semantic.color.background.level.$ground",
              "type": "color"
            },
            "hover": {
              "value": "$semantic.color.background.level.$ground",
              "type": "color"
            },
            "selected": {
              "value": "$semantic.color.border.$focus",
              "type": "color"
            }
          }
        },
        "text": {
          "document-tab": {
            "title": {
              "initial": {
                "value": "$semantic.color.text-content.$strong",
                "type": "color"
              },
              "hover": {
                "value": "$semantic.color.text-content.$brand",
                "type": "color"
              },
              "selected": {
                "value": "$semantic.color.text-content.$brand-contrast",
                "type": "color"
              }
            },
            "description": {
              "initial": {
                "value": "$semantic.color.text-content.$base",
                "type": "color"
              },
              "hover": {
                "value": "$semantic.color.text-content.$base",
                "type": "color"
              },
              "selected": {
                "value": "$semantic.color.text-content.$base",
                "type": "color"
              }
            }
          },
          "filled-fixed": {
            "title": {
              "initial": {
                "value": "$semantic.color.text-content.$strong",
                "type": "color"
              },
              "hover": {
                "value": "$semantic.color.text-content.$brand",
                "type": "color"
              },
              "selected": {
                "value": "$semantic.color.text-content.$brand",
                "type": "color"
              }
            },
            "description": {
              "initial": {
                "value": "$semantic.color.text-content.$base",
                "type": "color"
              },
              "hover": {
                "value": "$semantic.color.text-content.$base",
                "type": "color"
              },
              "selected": {
                "value": "$semantic.color.text-content.$base",
                "type": "color"
              }
            }
          },
          "underlined-fixed": {
            "title": {
              "initial": {
                "value": "$semantic.color.text-content.$strong",
                "type": "color"
              },
              "hover": {
                "value": "$semantic.color.text-content.$brand",
                "type": "color"
              },
              "selected": {
                "value": "$semantic.color.text-content.$brand",
                "type": "color"
              }
            },
            "description": {
              "initial": {
                "value": "$semantic.color.text-content.$base",
                "type": "color"
              },
              "hover": {
                "value": "$semantic.color.text-content.$base",
                "type": "color"
              },
              "selected": {
                "value": "$semantic.color.text-content.$base",
                "type": "color"
              }
            }
          }
        },
        "icon": {
          "document-tab": {
            "left": {
              "initial": {
                "value": "$semantic.color.text-content.$strong",
                "type": "color"
              },
              "hover": {
                "value": "$semantic.color.text-content.$strong",
                "type": "color"
              },
              "selected": {
                "value": "$semantic.color.text-content.$brand-contrast",
                "type": "color"
              }
            },
            "close": {
              "initial": {
                "value": "$semantic.color.text-content.$strong",
                "type": "color"
              },
              "hover": {
                "value": "$semantic.color.text-content.$strong",
                "type": "color"
              },
              "selected": {
                "value": "$semantic.color.text-content.$brand-contrast",
                "type": "color"
              }
            },
            "warning": {
              "initial": {
                "value": "$component.button.color.text.danger.secondary.$hover",
                "type": "color"
              },
              "hover": {
                "value": "$component.button.color.text.danger.secondary.$hover",
                "type": "color"
              },
              "selected": {
                "value": "$component.button.color.text.danger.secondary.$hover",
                "type": "color"
              }
            }
          },
          "filled-fixed": {
            "left": {
              "initial": {
                "value": "$semantic.color.text-content.$strong",
                "type": "color"
              },
              "hover": {
                "value": "$semantic.color.text-content.$strong",
                "type": "color"
              },
              "selected": {
                "value": "$semantic.color.text-content.$brand",
                "type": "color"
              }
            },
            "close": {
              "initial": {
                "value": "$semantic.color.text-content.$strong",
                "type": "color"
              },
              "hover": {
                "value": "$semantic.color.text-content.$strong",
                "type": "color"
              },
              "selected": {
                "value": "$semantic.color.text-content.$strong",
                "type": "color"
              }
            },
            "warning": {
              "initial": {
                "value": "$component.button.color.text.danger.secondary.$hover",
                "type": "color"
              },
              "hover": {
                "value": "$component.button.color.text.danger.secondary.$hover",
                "type": "color"
              },
              "selected": {
                "value": "$component.button.color.text.danger.secondary.$hover",
                "type": "color"
              }
            }
          },
          "underlined-fixed": {
            "left": {
              "initial": {
                "value": "$semantic.color.text-content.$strong",
                "type": "color"
              },
              "hover": {
                "value": "$semantic.color.text-content.$strong",
                "type": "color"
              },
              "selected": {
                "value": "$semantic.color.text-content.$brand",
                "type": "color"
              }
            },
            "close": {
              "initial": {
                "value": "$semantic.color.text-content.$strong",
                "type": "color"
              },
              "hover": {
                "value": "$semantic.color.text-content.$strong",
                "type": "color"
              },
              "selected": {
                "value": "$semantic.color.text-content.$strong",
                "type": "color"
              }
            },
            "warning": {
              "initial": {
                "value": "$component.button.color.text.danger.secondary.$hover",
                "type": "color"
              },
              "hover": {
                "value": "$component.button.color.text.danger.secondary.$hover",
                "type": "color"
              },
              "selected": {
                "value": "$component.button.color.text.danger.secondary.$hover",
                "type": "color"
              }
            }
          }
        }
      },
      "opacity": {
        "background": {
          "filled-fixed": {
            "initial": {
              "value": "{semantic.opacity.invisible}",
              "type": "opacity"
            },
            "hover": {
              "value": "{semantic.opacity.invisible}",
              "type": "opacity"
            },
            "selected": {
              "value": "{semantic.opacity.solid}",
              "type": "opacity"
            }
          },
          "underlined-fixed": {
            "initial": {
              "value": "{semantic.opacity.invisible}",
              "type": "opacity"
            },
            "hover": {
              "value": "{semantic.opacity.invisible}",
              "type": "opacity"
            },
            "selected": {
              "value": "{semantic.opacity.invisible}",
              "type": "opacity"
            }
          },
          "document-tab": {
            "initial": {
              "value": "{semantic.opacity.invisible}",
              "type": "opacity"
            },
            "hover": {
              "value": "{semantic.opacity.invisible}",
              "type": "opacity"
            },
            "selected": {
              "value": "{semantic.opacity.solid}",
              "type": "opacity"
            }
          }
        }
      },
      "border-width": {
        "filled-fixed": {
          "initial": {
            "left": {
              "value": "{semantic.border.width.filled-component}",
              "type": "borderWidth"
            },
            "top": {
              "value": "{semantic.border.width.filled-component}",
              "type": "borderWidth"
            },
            "right": {
              "value": "{semantic.border.width.filled-component}",
              "type": "borderWidth"
            },
            "bottom": {
              "value": "{semantic.border.width.filled-component}",
              "type": "borderWidth"
            }
          },
          "hover": {
            "left": {
              "value": "{semantic.border.width.filled-component}",
              "type": "borderWidth"
            },
            "top": {
              "value": "{semantic.border.width.filled-component}",
              "type": "borderWidth"
            },
            "right": {
              "value": "{semantic.border.width.filled-component}",
              "type": "borderWidth"
            },
            "bottom": {
              "value": "{semantic.border.width.filled-component}",
              "type": "borderWidth"
            }
          },
          "selected": {
            "left": {
              "value": "{semantic.border.width.filled-component}",
              "type": "borderWidth"
            },
            "top": {
              "value": "{semantic.border.width.filled-component}",
              "type": "borderWidth"
            },
            "right": {
              "value": "{semantic.border.width.filled-component}",
              "type": "borderWidth"
            },
            "bottom": {
              "value": "{semantic.border.width.filled-component}",
              "type": "borderWidth"
            }
          }
        },
        "document-tab": {
          "initial": {
            "left": {
              "value": "{semantic.border.width.filled-component}",
              "type": "borderWidth"
            },
            "top": {
              "value": "{semantic.border.width.filled-component}",
              "type": "borderWidth"
            },
            "right": {
              "value": "{semantic.border.width.filled-component}",
              "type": "borderWidth"
            },
            "bottom": {
              "value": "{semantic.border.width.filled-component}",
              "type": "borderWidth"
            }
          },
          "hover": {
            "left": {
              "value": "{semantic.border.width.filled-component}",
              "type": "borderWidth"
            },
            "top": {
              "value": "{semantic.border.width.filled-component}",
              "type": "borderWidth"
            },
            "right": {
              "value": "{semantic.border.width.filled-component}",
              "type": "borderWidth"
            },
            "bottom": {
              "value": "{semantic.border.width.filled-component}",
              "type": "borderWidth"
            }
          },
          "selected": {
            "left": {
              "value": "{semantic.border.width.outline-component}",
              "type": "borderWidth"
            },
            "top": {
              "value": "{semantic.border.width.outline-component}",
              "type": "borderWidth"
            },
            "right": {
              "value": "{semantic.border.width.outline-component}",
              "type": "borderWidth"
            },
            "bottom": {
              "value": "{semantic.border.width.filled-component}",
              "type": "borderWidth"
            }
          }
        },
        "underlined-fixed": {
          "initial": {
            "left": {
              "value": "{semantic.border.width.filled-component}",
              "type": "borderWidth"
            },
            "top": {
              "value": "{semantic.border.width.filled-component}",
              "type": "borderWidth"
            },
            "right": {
              "value": "{semantic.border.width.filled-component}",
              "type": "borderWidth"
            },
            "bottom": {
              "value": "{semantic.border.width.filled-component}",
              "type": "borderWidth"
            }
          },
          "hover": {
            "left": {
              "value": "{semantic.border.width.filled-component}",
              "type": "borderWidth"
            },
            "top": {
              "value": "{semantic.border.width.filled-component}",
              "type": "borderWidth"
            },
            "right": {
              "value": "{semantic.border.width.filled-component}",
              "type": "borderWidth"
            },
            "bottom": {
              "value": "{semantic.border.width.filled-component}",
              "type": "borderWidth"
            }
          },
          "selected": {
            "left": {
              "value": "{semantic.border.width.filled-component}",
              "type": "borderWidth"
            },
            "top": {
              "value": "{semantic.border.width.filled-component}",
              "type": "borderWidth"
            },
            "right": {
              "value": "{semantic.border.width.filled-component}",
              "type": "borderWidth"
            },
            "bottom": {
              "value": "{semantic.border.width.Selected-component}",
              "type": "borderWidth"
            }
          }
        }
      },
      "typography": {
        "nav-text": {
          "value": "{semantic.typography.label}",
          "type": "typography"
        },
        "nav-text-selected": {
          "value": "{semantic.typography.xxs-header}",
          "type": "typography"
        },
        "description": {
          "value": "{semantic.typography.label}",
          "type": "typography"
        }
      }
    }
  }
}