{
  "component": {
    "tag-group": {
      "tags": {
        "gap": {
          "horizontal-between-tags": {
            "value": "{semantic.spacing.constant-scale.xs}",
            "type": "spacing"
          }
        },
        "background": {
          "color-pick-01": {
            "value": "{semantic.color.palette.success.$base}",
            "type": "color"
          },
          "color-pick-02": {
            "value": "{semantic.color.palette.warning.$base}",
            "type": "color"
          },
          "color-pick-03": {
            "value": "{semantic.color.palette.orange.$base}",
            "type": "color"
          },
          "color-pick-04": {
            "value": "{semantic.color.palette.danger.$base}",
            "type": "color"
          },
          "color-pick-05": {
            "value": "{semantic.color.palette.purple.$base}",
            "type": "color"
          },
          "color-pick-06": {
            "value": "{semantic.color.palette.primary.$base}",
            "type": "color"
          },
          "color-pick-07": {
            "value": "{semantic.color.palette.teal.$active}",
            "type": "color"
          },
          "color-pick-08": {
            "value": "{semantic.color.palette.teal.$loading}",
            "type": "color"
          },
          "color-pick-09": {
            "value": "$semantic.color.palette.magenta.$base",
            "type": "color"
          },
          "color-pick-10": {
            "value": "$semantic.color.palette.neutral.$base",
            "type": "color"
          }
        }
      },
      "new-tag": {
        "gap": {
          "horizontal": {
            "value": "{semantic.spacing.constant-scale.xs}",
            "type": "spacing"
          }
        },
        "padding": {
          "left": {
            "value": "{semantic.spacing.constant-scale.sm}",
            "type": "spacing"
          },
          "right": {
            "value": "{semantic.spacing.constant-scale.sm}",
            "type": "spacing"
          },
          "top": {
            "value": "{semantic.spacing.constant-scale.sm}",
            "type": "spacing"
          },
          "bottom": {
            "value": "{semantic.spacing.constant-scale.sm}",
            "type": "spacing"
          }
        },
        "height": {
          "value": "{semantic.sizing.$component-header}",
          "type": "sizing"
        },
        "border": {
          "box-border": {
            "value": "{semantic.color.border.$border-weak}",
            "type": "color"
          }
        },
        "border-radius": {
          "top-left": {
            "value": "{semantic.border-radius.md}",
            "type": "borderRadius"
          },
          "bottom-left": {
            "value": "{semantic.border-radius.md}",
            "type": "borderRadius"
          },
          "top-right": {
            "value": "{semantic.border-radius.md}",
            "type": "borderRadius"
          },
          "bottom-right": {
            "value": "{semantic.border-radius.md}",
            "type": "borderRadius"
          }
        },
        "border-width": {
          "value": "{semantic.border.width.outline-component}",
          "type": "borderWidth"
        }
      },
      "color-picker": {
        "padding": {
          "left": {
            "value": "{semantic.spacing.constant-scale.xs}",
            "type": "spacing"
          },
          "right": {
            "value": "{semantic.spacing.constant-scale.xs}",
            "type": "spacing"
          },
          "top": {
            "value": "{semantic.spacing.constant-scale.xs}",
            "type": "spacing"
          },
          "bottom": {
            "value": "{semantic.spacing.constant-scale.xs}",
            "type": "spacing"
          }
        }
      }
    }
  }
}