{
  "component": {
    "tag": {
      "sizing": {
        "height": {
          "value": "$semantic.sizing.$component-default-sm-scale",
          "type": "sizing"
        }
      },
      "spacing": {
        "gap": {
          "horizontal": {
            "value": "{aux-spacing.tag.gap.horizontal}",
            "type": "spacing"
          }
        },
        "padding": {
          "left": {
            "value": "{aux-spacing.tag.padding.left}",
            "type": "spacing"
          },
          "right": {
            "value": "{aux-spacing.tag.padding.right}",
            "type": "spacing"
          },
          "top": {
            "value": "{aux-spacing.tag.padding.top}",
            "type": "spacing"
          },
          "bottom": {
            "value": "{aux-spacing.tag.padding.bottom}",
            "type": "spacing"
          }
        }
      },
      "border-radius": {
        "top-left": {
          "value": "{semantic.border-radius.full}",
          "type": "borderRadius"
        },
        "bottom-left": {
          "value": "{semantic.border-radius.full}",
          "type": "borderRadius"
        },
        "top-right": {
          "value": "{semantic.border-radius.full}",
          "type": "borderRadius"
        },
        "bottom-right": {
          "value": "{semantic.border-radius.full}",
          "type": "borderRadius"
        }
      },
      "color": {
        "background": {
          "initial": {
            "value": "{semantic.color.background.brand.$lightest}",
            "type": "color"
          },
          "hover": {
            "value": "$semantic.color.background.brand.$lighter-3",
            "type": "color"
          },
          "hover-close": {
            "value": "$semantic.color.background.brand.$lighter-2",
            "type": "color"
          },
          "disabled": {
            "value": "$semantic.color.disabled.background",
            "type": "color"
          },
          "warning": {
            "value": "$semantic.color.palette.warning.$background",
            "type": "color"
          },
          "danger": {
            "value": "$semantic.color.palette.danger.$background",
            "type": "color"
          },
          "success": {
            "value": "$semantic.color.palette.success.$background",
            "type": "color"
          },
          "info": {
            "value": "$semantic.color.background.level.$ground",
            "type": "color"
          }
        },
        "border": {
          "initial": {
            "value": "$semantic.color.border.$border-weakest",
            "type": "color"
          },
          "hover": {
            "value": "$semantic.color.border.$border-weakest",
            "type": "color"
          },
          "disabled": {
            "value": "$semantic.color.disabled.border",
            "type": "color"
          },
          "warning": {
            "value": "$semantic.color.border.$border-weakest",
            "type": "color"
          },
          "danger": {
            "value": "$semantic.color.border.$border-weakest",
            "type": "color"
          },
          "success": {
            "value": "$semantic.color.border.$border-weakest",
            "type": "color"
          },
          "info": {
            "value": "$semantic.color.border.$hover",
            "type": "color"
          }
        },
        "content-text": {
          "initial": {
            "value": "$semantic.color.text-content.$strongest",
            "type": "color"
          },
          "hover": {
            "value": "$semantic.color.text-content.$strongest",
            "type": "color"
          },
          "disabled": {
            "value": "$semantic.color.disabled.content",
            "type": "color"
          },
          "warning": {
            "value": "$semantic.color.text-content.$strongest",
            "type": "color"
          },
          "danger": {
            "value": "$semantic.color.text-content.$strongest",
            "type": "color"
          },
          "success": {
            "value": "$semantic.color.text-content.$strongest",
            "type": "color"
          },
          "info": {
            "value": "$semantic.color.text-content.$strongest",
            "type": "color"
          }
        }
      },
      "border-width": {
        "initial": {
          "value": "{semantic.border.width.filled-component}",
          "type": "borderWidth"
        },
        "hover": {
          "value": "{semantic.border.width.filled-component}",
          "type": "borderWidth"
        },
        "disabled": {
          "value": "{semantic.border.width.filled-component}",
          "type": "borderWidth"
        },
        "warning": {
          "value": "{semantic.border.width.filled-component}",
          "type": "borderWidth"
        },
        "danger": {
          "value": "{semantic.border.width.filled-component}",
          "type": "borderWidth"
        },
        "success": {
          "value": "{semantic.border.width.filled-component}",
          "type": "borderWidth"
        },
        "info": {
          "value": "{semantic.border.width.outline-component}",
          "type": "borderWidth"
        }
      },
      "tag-text": {
        "value": "{semantic.typography.content-text}",
        "type": "typography"
      }
    }
  }
}