{
  "component": {
    "toolbar": {
      "color": {
        "background": {
          "ground": {
            "value": "{semantic.color.background.level.$ground}",
            "type": "color"
          },
          "raised": {
            "value": "{semantic.color.background.level.raised-1}",
            "type": "color"
          }
        },
        "icon": {
          "base": {
            "value": "$semantic.color.text-content.$base",
            "type": "color"
          }
        }
      },
      "sizing": {
        "height": {
          "value": "{semantic.sizing.$component-header}",
          "type": "sizing"
        }
      },
      "border-width": {
        "bottom": {
          "value": "{semantic.border.width.outline-component}",
          "type": "borderWidth"
        },
        "top": {
          "value": "{semantic.border.width.filled-component}",
          "type": "borderWidth"
        },
        "right": {
          "value": "{semantic.border.width.filled-component}",
          "type": "borderWidth"
        },
        "left": {
          "value": "{semantic.border.width.filled-component}",
          "type": "borderWidth"
        }
      },
      "spacing": {
        "horizontal-gap": {
          "value": "{aux-spacing.toolbar.gap.horizontal}",
          "type": "spacing"
        }
      }
    }
  }
}