{
  "component": {
    "sizing": {
      "height": {
        "value": "{semantic.sizing.$component-default}",
        "type": "sizing"
      }
    },
    "tooltip": {
      "spacing": {
        "padding": {
          "horizontal": {
            "value": "{aux-spacing.tooltip.padding.horizontal}",
            "type": "spacing"
          },
          "vertical": {
            "value": "{aux-spacing.tooltip.padding.vertical}",
            "type": "spacing"
          }
        }
      },
      "color": {
        "background": {
          "value": "$semantic.color.palette.neutral-dark.$hover",
          "type": "color"
        },
        "text": {
          "value": "$semantic.color.text-content.$brand-contrast",
          "type": "color"
        }
      },
      "border-radius": {
        "top-left": {
          "value": "{semantic.border-radius.xs}",
          "type": "borderRadius"
        },
        "bottom-left": {
          "value": "{semantic.border-radius.xs}",
          "type": "borderRadius"
        },
        "top-right": {
          "value": "{semantic.border-radius.xs}",
          "type": "borderRadius"
        },
        "bottom-right": {
          "value": "{semantic.border-radius.xs}",
          "type": "borderRadius"
        }
      }
    }
  }
}