[
  {
    "id": "be152ca82f06f799e1bf42c663a0e584b9ddfa02",
    "name": "light",
    "selectedTokenSets": {
      "component/avatar": "enabled",
      "component/badge": "enabled",
      "component/button": "enabled",
      "component/checkbox": "enabled",
      "component/data-grid/floating-button": "enabled",
      "component/data-grid/cell": "enabled",
      "component/data-grid/table-header": "enabled",
      "component/data-grid/table-footer": "enabled",
      "component/form-label": "enabled",
      "component/icon": "enabled",
      "component/list": "enabled",
      "component/menu-area": "enabled",
      "component/panel": "enabled",
      "component/panel-header": "enabled",
      "component/progress": "enabled",
      "component/search-input": "enabled",
      "component/select": "enabled",
      "component/switch": "enabled",
      "component/text-input": "enabled",
      "component/toolbar": "enabled",
      "component/category-group": "enabled",
      "semantic/light-theme": "source",
      "primitive/light-colors": "source",
      "component/master-detail": "enabled",
      "component/number-input": "enabled",
      "component/auto-complete": "enabled",
      "component/tabs": "enabled",
      "component/radio-group": "enabled",
      "component/bottom-panel": "enabled",
      "component/side-panel": "enabled",
      "component/drawer": "enabled",
      "component/multi-date-picker": "enabled",
      "component/range-picker": "enabled",
      "component/date-picker": "enabled",
      "component/modal": "enabled",
      "component/card": "enabled",
      "component/icon-title": "enabled",
      "component/tag": "enabled",
      "component/tag-group": "enabled",
      "component/text-area": "enabled",
      "component/dropdown-list": "enabled",
      "component/duration-input": "enabled",
      "component/empty-state": "enabled",
      "component/notification": "enabled",
      "component/tooltip": "enabled",
      "component/breadcrumb": "enabled",
      "component/divider": "enabled",
      "component/steps": "enabled",
      "component/section": "enabled",
      "component/popover": "enabled",
      "component/popconfirm": "enabled",
      "component/alert": "enabled",
      "component/diagram/tray": "enabled",
      "component/diagram/button-set": "enabled",
      "component/diagram/map": "enabled",
      "component/diagram/connectors": "enabled",
      "component/diagram/element": "enabled"
    },
    "$figmaStyleReferences": {},
    "$figmaVariableReferences": {},
    "group": "Color-theme"
  },
  {
    "id": "666f56121b60e7a485790d87b251d3eadeaf38c1",
    "name": "dark",
    "selectedTokenSets": {
      "component/avatar": "enabled",
      "component/badge": "enabled",
      "component/button": "enabled",
      "component/checkbox": "enabled",
      "component/data-grid/floating-button": "enabled",
      "component/data-grid/cell": "enabled",
      "component/data-grid/table-header": "enabled",
      "component/data-grid/table-footer": "enabled",
      "component/form-label": "enabled",
      "component/icon": "enabled",
      "component/list": "enabled",
      "component/menu-area": "enabled",
      "component/panel": "enabled",
      "component/panel-header": "enabled",
      "component/progress": "enabled",
      "component/search-input": "enabled",
      "component/select": "enabled",
      "component/switch": "enabled",
      "component/text-input": "enabled",
      "component/toolbar": "enabled",
      "component/category-group": "enabled",
      "semantic/dark-theme": "source",
      "primitive/dark-colors": "source",
      "component/master-detail": "enabled",
      "component/number-input": "enabled",
      "component/auto-complete": "enabled",
      "component/tabs": "enabled",
      "component/radio-group": "enabled",
      "component/bottom-panel": "enabled",
      "component/side-panel": "enabled",
      "component/drawer": "enabled",
      "component/multi-date-picker": "enabled",
      "component/range-picker": "enabled",
      "component/date-picker": "enabled",
      "component/modal": "enabled",
      "component/card": "enabled",
      "component/icon-title": "enabled",
      "component/tag": "enabled",
      "component/tag-group": "enabled",
      "component/text-area": "enabled",
      "component/dropdown-list": "enabled",
      "component/duration-input": "enabled",
      "component/empty-state": "enabled",
      "component/notification": "enabled",
      "component/tooltip": "enabled",
      "component/breadcrumb": "enabled",
      "component/divider": "enabled",
      "component/steps": "enabled",
      "component/section": "enabled",
      "component/popover": "enabled",
      "component/popconfirm": "enabled",
      "component/alert": "enabled",
      "component/diagram/tray": "enabled",
      "component/diagram/button-set": "enabled",
      "component/diagram/map": "enabled",
      "component/diagram/connectors": "enabled",
      "component/diagram/element": "enabled"
    },
    "$figmaStyleReferences": {},
    "$figmaVariableReferences": {},
    "group": "Color-theme"
  },
  {
    "id": "55b5a08c74f4290d58bc9ec83d3654845feed34e",
    "name": "V3 (small)",
    "selectedTokenSets": {
      "primitive/dimensions": "source",
      "component/avatar": "enabled",
      "component/badge": "enabled",
      "component/button": "enabled",
      "component/checkbox": "enabled",
      "component/data-grid/floating-button": "enabled",
      "component/data-grid/cell": "enabled",
      "component/data-grid/table-header": "enabled",
      "component/data-grid/table-footer": "enabled",
      "component/form-label": "enabled",
      "component/icon": "enabled",
      "component/list": "enabled",
      "component/menu-area": "enabled",
      "component/panel": "enabled",
      "component/panel-header": "enabled",
      "component/progress": "enabled",
      "component/search-input": "enabled",
      "component/select": "enabled",
      "component/switch": "enabled",
      "component/text-input": "enabled",
      "component/toolbar": "enabled",
      "component/category-group": "enabled",
      "semantic/plasma-sm-V3": "source",
      "primitive/typography-V3": "source",
      "component/master-detail": "enabled",
      "component/number-input": "enabled",
      "component/auto-complete": "enabled",
      "component/tabs": "enabled",
      "semantic/aux-spacing": "source",
      "component/radio-group": "enabled",
      "component/bottom-panel": "enabled",
      "component/side-panel": "enabled",
      "component/drawer": "enabled",
      "component/multi-date-picker": "enabled",
      "component/range-picker": "enabled",
      "component/date-picker": "enabled",
      "component/modal": "enabled",
      "component/card": "enabled",
      "component/icon-title": "enabled",
      "component/tag": "enabled",
      "component/tag-group": "enabled",
      "component/text-area": "enabled",
      "component/dropdown-list": "enabled",
      "component/duration-input": "enabled",
      "component/empty-state": "enabled",
      "component/notification": "enabled",
      "component/tooltip": "enabled",
      "component/breadcrumb": "enabled",
      "component/divider": "enabled",
      "component/steps": "enabled",
      "component/section": "enabled",
      "component/popover": "enabled",
      "component/popconfirm": "enabled",
      "component/alert": "enabled",
      "component/diagram/tray": "enabled",
      "component/diagram/button-set": "enabled",
      "component/diagram/map": "enabled",
      "component/diagram/connectors": "enabled",
      "component/diagram/element": "enabled"
    },
    "$figmaStyleReferences": {},
    "$figmaVariableReferences": {},
    "group": "Version-theme"
  },
  {
    "id": "18a95be87337749d46f0ae36d571b329c126f838",
    "name": "V3 (medium)",
    "selectedTokenSets": {
      "primitive/dimensions": "source",
      "component/menu-area": "enabled",
      "component/button": "enabled",
      "component/avatar": "enabled",
      "component/badge": "enabled",
      "component/checkbox": "enabled",
      "component/data-grid/floating-button": "enabled",
      "component/data-grid/cell": "enabled",
      "component/data-grid/table-header": "enabled",
      "component/data-grid/table-footer": "enabled",
      "component/form-label": "enabled",
      "component/icon": "enabled",
      "component/list": "enabled",
      "component/panel": "enabled",
      "component/panel-header": "enabled",
      "component/progress": "enabled",
      "component/search-input": "enabled",
      "component/select": "enabled",
      "component/switch": "enabled",
      "component/text-input": "enabled",
      "component/toolbar": "enabled",
      "component/category-group": "enabled",
      "semantic/plasma-md-V3": "source",
      "primitive/typography-V3": "source",
      "component/master-detail": "enabled",
      "component/number-input": "enabled",
      "component/auto-complete": "enabled",
      "component/tabs": "enabled",
      "semantic/aux-spacing": "source",
      "component/radio-group": "enabled",
      "component/bottom-panel": "enabled",
      "component/side-panel": "enabled",
      "component/drawer": "enabled",
      "component/multi-date-picker": "enabled",
      "component/range-picker": "enabled",
      "component/date-picker": "enabled",
      "component/modal": "enabled",
      "component/card": "enabled",
      "component/icon-title": "enabled",
      "component/tag": "enabled",
      "component/tag-group": "enabled",
      "component/text-area": "enabled",
      "component/dropdown-list": "enabled",
      "component/duration-input": "enabled",
      "component/empty-state": "enabled",
      "component/notification": "enabled",
      "component/tooltip": "enabled",
      "component/breadcrumb": "enabled",
      "component/divider": "enabled",
      "component/steps": "enabled",
      "component/section": "enabled",
      "component/popover": "enabled",
      "component/popconfirm": "enabled",
      "component/alert": "enabled",
      "component/diagram/tray": "enabled",
      "component/diagram/button-set": "enabled",
      "component/diagram/map": "enabled",
      "component/diagram/connectors": "enabled",
      "component/diagram/element": "enabled"
    },
    "$figmaStyleReferences": {},
    "$figmaVariableReferences": {},
    "group": "Version-theme"
  },
  {
    "id": "27580d054daade358475f50bce5805c68c938e6b",
    "name": "V3 (large)",
    "selectedTokenSets": {
      "primitive/dimensions": "source",
      "component/avatar": "enabled",
      "component/badge": "enabled",
      "component/button": "enabled",
      "component/checkbox": "enabled",
      "component/data-grid/floating-button": "enabled",
      "component/data-grid/cell": "enabled",
      "component/data-grid/table-header": "enabled",
      "component/data-grid/table-footer": "enabled",
      "component/form-label": "enabled",
      "component/icon": "enabled",
      "component/list": "enabled",
      "component/menu-area": "enabled",
      "component/panel": "enabled",
      "component/panel-header": "enabled",
      "component/progress": "enabled",
      "component/search-input": "enabled",
      "component/select": "enabled",
      "component/switch": "enabled",
      "component/text-input": "enabled",
      "component/toolbar": "enabled",
      "component/category-group": "enabled",
      "semantic/plasma-lg-V3": "source",
      "primitive/typography-V3": "source",
      "component/master-detail": "enabled",
      "component/number-input": "enabled",
      "component/auto-complete": "enabled",
      "component/tabs": "enabled",
      "semantic/aux-spacing": "source",
      "component/radio-group": "enabled",
      "component/bottom-panel": "enabled",
      "component/side-panel": "enabled",
      "component/drawer": "enabled",
      "component/multi-date-picker": "enabled",
      "component/range-picker": "enabled",
      "component/date-picker": "enabled",
      "component/modal": "enabled",
      "component/card": "enabled",
      "component/icon-title": "enabled",
      "component/tag": "enabled",
      "component/tag-group": "enabled",
      "component/text-area": "enabled",
      "component/dropdown-list": "enabled",
      "component/duration-input": "enabled",
      "component/empty-state": "enabled",
      "component/notification": "enabled",
      "component/tooltip": "enabled",
      "component/breadcrumb": "enabled",
      "component/divider": "enabled",
      "component/steps": "enabled",
      "component/section": "enabled",
      "component/popover": "enabled",
      "component/popconfirm": "enabled",
      "component/alert": "enabled",
      "component/diagram/tray": "enabled",
      "component/diagram/button-set": "enabled",
      "component/diagram/map": "enabled",
      "component/diagram/connectors": "enabled",
      "component/diagram/element": "enabled"
    },
    "$figmaStyleReferences": {},
    "$figmaVariableReferences": {},
    "group": "Version-theme"
  },
  {
    "id": "8b490a24e583b6a96b486db3326882c2bc95ed8b",
    "name": "V2",
    "selectedTokenSets": {
      "primitive/dimensions": "source",
      "component/avatar": "enabled",
      "component/badge": "enabled",
      "component/button": "enabled",
      "component/category-group": "enabled",
      "component/checkbox": "enabled",
      "component/data-grid/floating-button": "enabled",
      "component/data-grid/cell": "enabled",
      "component/data-grid/table-header": "enabled",
      "component/data-grid/table-footer": "enabled",
      "component/form-label": "enabled",
      "component/icon": "enabled",
      "component/list": "enabled",
      "component/menu-area": "enabled",
      "component/panel": "enabled",
      "component/panel-header": "enabled",
      "component/progress": "enabled",
      "component/search-input": "enabled",
      "component/select": "enabled",
      "component/switch": "enabled",
      "component/text-input": "enabled",
      "component/toolbar": "enabled",
      "semantic/plasma-V2": "source",
      "primitive/typography-V2": "source",
      "component/master-detail": "enabled",
      "component/number-input": "enabled",
      "component/auto-complete": "enabled",
      "component/tabs": "enabled",
      "semantic/aux-spacing": "source",
      "component/radio-group": "enabled",
      "component/bottom-panel": "enabled",
      "component/side-panel": "enabled",
      "component/drawer": "enabled",
      "component/multi-date-picker": "enabled",
      "component/range-picker": "enabled",
      "component/date-picker": "enabled",
      "component/modal": "enabled",
      "component/card": "enabled",
      "component/icon-title": "enabled",
      "component/tag": "enabled",
      "component/tag-group": "enabled",
      "component/text-area": "enabled",
      "component/dropdown-list": "enabled",
      "component/duration-input": "enabled",
      "component/empty-state": "enabled",
      "component/notification": "enabled",
      "component/tooltip": "enabled",
      "component/breadcrumb": "enabled",
      "component/divider": "enabled",
      "component/steps": "enabled",
      "component/section": "enabled",
      "component/popover": "enabled",
      "component/popconfirm": "enabled",
      "component/alert": "enabled",
      "component/diagram/tray": "enabled",
      "component/diagram/button-set": "enabled",
      "component/diagram/map": "enabled",
      "component/diagram/connectors": "enabled",
      "component/diagram/element": "enabled"
    },
    "$figmaStyleReferences": {},
    "$figmaVariableReferences": {},
    "group": "Version-theme"
  }
]