{
  "component": {
    "cell-dg": {
      "color": {
        "background": {
          "cell": {
            "default": {
              "value": "{semantic.color.background.level.$ground}",
              "type": "color"
            },
            "hover": {
              "value": "{semantic.color.background.brand.$lighter-2}",
              "type": "color"
            },
            "active": {
              "value": "{semantic.color.background.brand.$lightest}",
              "type": "color"
            },
            "dragging": {
              "value": "{semantic.color.background.brand.$lightest}",
              "type": "color"
            },
            "disabled": {
              "value": "$semantic.color.disabled.background",
              "type": "color"
            },
            "locked": {
              "value": "{semantic.color.background.level.raised-2}",
              "type": "color"
            },
            "row-hover": {
              "value": "{semantic.color.background.brand.$lighter-3}",
              "type": "color"
            },
            "error": {
              "value": "{semantic.color.background.level.$ground}",
              "type": "color"
            },
            "edited": {
              "value": "{semantic.color.background.level.$ground}",
              "type": "color"
            }
          },
          "header": {
            "default": {
              "value": "{semantic.color.background.level.raised-1}",
              "type": "color"
            },
            "hover": {
              "value": "{semantic.color.background.brand.$lighter-2}",
              "type": "color"
            },
            "active": {
              "value": "{semantic.color.background.brand.$lighter-3}",
              "type": "color"
            },
            "dragging": {
              "value": "{semantic.color.background.brand.$lighter-3}",
              "type": "color"
            },
            "locked": {
              "value": "{semantic.color.background.level.raised-2}",
              "type": "color"
            },
            "disabled": {
              "value": "$semantic.color.disabled.background",
              "type": "color"
            }
          }
        },
        "border": {
          "cell": {
            "default": {
              "value": "{semantic.color.border.$border-weak}",
              "type": "color"
            },
            "hover": {
              "value": "{semantic.color.border.$hover}",
              "type": "color"
            },
            "active": {
              "value": "{semantic.color.border.$hover}",
              "type": "color"
            },
            "dragging": {
              "value": "{semantic.color.border.$hover}",
              "type": "color"
            },
            "disabled": {
              "value": "$semantic.color.disabled.border",
              "type": "color"
            },
            "locked": {
              "value": "{semantic.color.border.$border-weak}",
              "type": "color"
            },
            "row-hover": {
              "value": "{semantic.color.border.$focus}",
              "type": "color"
            },
            "error": {
              "value": "{semantic.color.border.$border-weak}",
              "type": "color"
            },
            "container-error": {
              "value": "$semantic.color.palette.danger.$base",
              "type": "color"
            },
            "edited": {
              "value": "{semantic.color.border.$border-weak}",
              "type": "color"
            },
            "container-edited": {
              "value": "{semantic.color.border.$focus}",
              "type": "color"
            }
          },
          "header": {
            "default": {
              "value": "{semantic.color.border.$border-weak}",
              "type": "color"
            },
            "hover": {
              "value": "{semantic.color.border.$hover}",
              "type": "color"
            },
            "active": {
              "value": "{semantic.color.border.$focus}",
              "type": "color"
            },
            "dragging": {
              "value": "{semantic.color.background.brand.$lighter-3}",
              "type": "color"
            },
            "locked": {
              "value": "{semantic.color.border.$border-weak}",
              "type": "color"
            },
            "disabled": {
              "value": "$semantic.color.disabled.border",
              "type": "color"
            }
          }
        },
        "text": {
          "cell": {
            "default": {
              "value": "{semantic.color.text.content-filled}",
              "type": "color"
            },
            "hover": {
              "value": "{semantic.color.text.content-filled}",
              "type": "color"
            },
            "row-hover": {
              "value": "{semantic.color.text.content-filled}",
              "type": "color"
            },
            "active": {
              "value": "{semantic.color.text.content-filled}",
              "type": "color"
            },
            "dragging": {
              "value": "$semantic.color.text-content.$strongest",
              "type": "color"
            },
            "disabled": {
              "value": "$semantic.color.disabled.content",
              "type": "color"
            },
            "locked": {
              "value": "{semantic.color.text.content-filled}",
              "type": "color"
            },
            "error": {
              "value": "{semantic.color.text.content-filled}",
              "type": "color"
            },
            "edited": {
              "value": "{semantic.color.text.content-filled}",
              "type": "color"
            }
          },
          "header": {
            "default": {
              "value": "{semantic.color.text.content-filled}",
              "type": "color"
            },
            "hover": {
              "value": "{semantic.color.text.content-filled}",
              "type": "color"
            },
            "active": {
              "value": "{semantic.color.text.content-filled}",
              "type": "color"
            },
            "dragging": {
              "value": "$semantic.color.text-content.$strongest",
              "type": "color"
            },
            "disabled": {
              "value": "$semantic.color.disabled.content",
              "type": "color"
            },
            "locked": {
              "value": "{semantic.color.text.content-filled}",
              "type": "color"
            }
          }
        },
        "icon": {
          "cell": {
            "default": {
              "value": "{semantic.color.text.content-filled}",
              "type": "color"
            },
            "hover": {
              "value": "{semantic.color.text.content-filled}",
              "type": "color"
            },
            "row-hover": {
              "value": "{semantic.color.text.content-filled}",
              "type": "color"
            },
            "active": {
              "value": "{semantic.color.text.content-filled}",
              "type": "color"
            },
            "dragging": {
              "value": "$semantic.color.text-content.$strongest",
              "type": "color"
            },
            "disabled": {
              "value": "$semantic.color.disabled.content",
              "type": "color"
            },
            "locked": {
              "value": "{semantic.color.text.content-filled}",
              "type": "color"
            },
            "error": {
              "value": "{semantic.color.text.content-filled}",
              "type": "color"
            },
            "edited": {
              "value": "{semantic.color.text.content-filled}",
              "type": "color"
            }
          },
          "header": {
            "default": {
              "value": "{semantic.color.text.content-filled}",
              "type": "color"
            },
            "hover": {
              "value": "{semantic.color.text.content-filled}",
              "type": "color"
            },
            "active": {
              "value": "{semantic.color.text.content-filled}",
              "type": "color"
            },
            "dragging": {
              "value": "$semantic.color.text-content.$strongest",
              "type": "color"
            },
            "disabled": {
              "value": "$semantic.color.disabled.content",
              "type": "color"
            },
            "locked": {
              "value": "{semantic.color.text.content-filled}",
              "type": "color"
            }
          }
        }
      },
      "sizing": {
        "height": {
          "value": "{semantic.sizing.$cell-default}",
          "type": "sizing"
        }
      },
      "spacing": {
        "gap": {
          "horizontal": {
            "value": "{semantic.spacing.constant-scale.sm}",
            "type": "spacing"
          }
        },
        "padding": {
          "horizontal": {
            "value": "{semantic.spacing.constant-scale.sm}",
            "type": "spacing"
          }
        }
      },
      "border-width": {
        "cell": {
          "locked": {
            "top": {
              "value": "{semantic.border.width.outline-component}",
              "type": "borderWidth"
            },
            "right": {
              "value": "{semantic.border.width.outline-component}",
              "type": "borderWidth"
            },
            "bottom": {
              "value": "{semantic.border.width.outline-component}",
              "type": "borderWidth"
            },
            "left": {
              "value": "{semantic.border.width.outline-component}",
              "type": "borderWidth"
            }
          },
          "default": {
            "top": {
              "value": "{semantic.border.width.filled-component}",
              "type": "borderWidth"
            },
            "right": {
              "value": "{semantic.border.width.filled-component}",
              "type": "borderWidth"
            },
            "bottom": {
              "value": "{semantic.border.width.outline-component}",
              "type": "borderWidth"
            },
            "left": {
              "value": "{semantic.border.width.filled-component}",
              "type": "borderWidth"
            }
          },
          "hover": {
            "top": {
              "value": "{semantic.border.width.outline-component}",
              "type": "borderWidth"
            },
            "right": {
              "value": "{semantic.border.width.outline-component}",
              "type": "borderWidth"
            },
            "bottom": {
              "value": "{semantic.border.width.outline-component}",
              "type": "borderWidth"
            },
            "left": {
              "value": "{semantic.border.width.outline-component}",
              "type": "borderWidth"
            }
          },
          "disabled": {
            "top": {
              "value": "{semantic.border.width.filled-component}",
              "type": "borderWidth"
            },
            "right": {
              "value": "{semantic.border.width.filled-component}",
              "type": "borderWidth"
            },
            "bottom": {
              "value": "{semantic.border.width.outline-component}",
              "type": "borderWidth"
            },
            "left": {
              "value": "{semantic.border.width.filled-component}",
              "type": "borderWidth"
            }
          },
          "dragging": {
            "top": {
              "value": "{semantic.border.width.filled-component}",
              "type": "borderWidth"
            },
            "right": {
              "value": "{semantic.border.width.filled-component}",
              "type": "borderWidth"
            },
            "bottom": {
              "value": "{semantic.border.width.filled-component}",
              "type": "borderWidth"
            },
            "left": {
              "value": "{semantic.border.width.filled-component}",
              "type": "borderWidth"
            }
          },
          "row-hover": {
            "top": {
              "value": "{semantic.border.width.filled-component}",
              "type": "borderWidth"
            },
            "right": {
              "value": "{semantic.border.width.filled-component}",
              "type": "borderWidth"
            },
            "bottom": {
              "value": "{semantic.border.width.outline-component}",
              "type": "borderWidth"
            },
            "left": {
              "value": "{semantic.border.width.filled-component}",
              "type": "borderWidth"
            }
          },
          "active": {
            "top": {
              "value": "{semantic.border.width.filled-component}",
              "type": "borderWidth"
            },
            "right": {
              "value": "{semantic.border.width.filled-component}",
              "type": "borderWidth"
            },
            "bottom": {
              "value": "{semantic.border.width.outline-component}",
              "type": "borderWidth"
            },
            "left": {
              "value": "{semantic.border.width.filled-component}",
              "type": "borderWidth"
            }
          },
          "error": {
            "top": {
              "value": "{semantic.border.width.filled-component}",
              "type": "borderWidth"
            },
            "right": {
              "value": "{semantic.border.width.filled-component}",
              "type": "borderWidth"
            },
            "bottom": {
              "value": "{semantic.border.width.Selected-component}",
              "type": "borderWidth"
            },
            "left": {
              "value": "{semantic.border.width.filled-component}",
              "type": "borderWidth"
            }
          },
          "container-error": {
            "top": {
              "value": "{semantic.border.width.outline-component}",
              "type": "borderWidth"
            },
            "right": {
              "value": "{semantic.border.width.outline-component}",
              "type": "borderWidth"
            },
            "bottom": {
              "value": "{semantic.border.width.outline-component}",
              "type": "borderWidth"
            },
            "left": {
              "value": "{semantic.border.width.outline-component}",
              "type": "borderWidth"
            }
          },
          "edited": {
            "top": {
              "value": "{semantic.border.width.filled-component}",
              "type": "borderWidth"
            },
            "right": {
              "value": "{semantic.border.width.filled-component}",
              "type": "borderWidth"
            },
            "bottom": {
              "value": "{semantic.border.width.Selected-component}",
              "type": "borderWidth"
            },
            "left": {
              "value": "{semantic.border.width.filled-component}",
              "type": "borderWidth"
            }
          },
          "container-edited": {
            "top": {
              "value": "{semantic.border.width.outline-component}",
              "type": "borderWidth"
            },
            "right": {
              "value": "{semantic.border.width.outline-component}",
              "type": "borderWidth"
            },
            "bottom": {
              "value": "{semantic.border.width.outline-component}",
              "type": "borderWidth"
            },
            "left": {
              "value": "{semantic.border.width.outline-component}",
              "type": "borderWidth"
            }
          }
        },
        "header": {
          "default": {
            "top": {
              "value": "{semantic.border.width.filled-component}",
              "type": "borderWidth"
            },
            "right": {
              "value": "{semantic.border.width.filled-component}",
              "type": "borderWidth"
            },
            "bottom": {
              "value": "{semantic.border.width.outline-component}",
              "type": "borderWidth"
            },
            "left": {
              "value": "{semantic.border.width.filled-component}",
              "type": "borderWidth"
            }
          },
          "hover": {
            "top": {
              "value": "{semantic.border.width.filled-component}",
              "type": "borderWidth"
            },
            "right": {
              "value": "{semantic.border.width.filled-component}",
              "type": "borderWidth"
            },
            "bottom": {
              "value": "{semantic.border.width.outline-component}",
              "type": "borderWidth"
            },
            "left": {
              "value": "{semantic.border.width.filled-component}",
              "type": "borderWidth"
            }
          },
          "active": {
            "top": {
              "value": "{semantic.border.width.filled-component}",
              "type": "borderWidth"
            },
            "right": {
              "value": "{semantic.border.width.filled-component}",
              "type": "borderWidth"
            },
            "bottom": {
              "value": "{semantic.border.width.outline-component}",
              "type": "borderWidth"
            },
            "left": {
              "value": "{semantic.border.width.filled-component}",
              "type": "borderWidth"
            }
          },
          "dragging": {
            "top": {
              "value": "{semantic.border.width.filled-component}",
              "type": "borderWidth"
            },
            "right": {
              "value": "{semantic.border.width.filled-component}",
              "type": "borderWidth"
            },
            "bottom": {
              "value": "{semantic.border.width.outline-component}",
              "type": "borderWidth"
            },
            "left": {
              "value": "{semantic.border.width.filled-component}",
              "type": "borderWidth"
            }
          },
          "disabled": {
            "top": {
              "value": "{semantic.border.width.filled-component}",
              "type": "borderWidth"
            },
            "right": {
              "value": "{semantic.border.width.filled-component}",
              "type": "borderWidth"
            },
            "bottom": {
              "value": "{semantic.border.width.outline-component}",
              "type": "borderWidth"
            },
            "left": {
              "value": "{semantic.border.width.filled-component}",
              "type": "borderWidth"
            }
          },
          "locked": {
            "top": {
              "value": "{semantic.border.width.outline-component}",
              "type": "borderWidth"
            },
            "right": {
              "value": "{semantic.border.width.outline-component}",
              "type": "borderWidth"
            },
            "bottom": {
              "value": "{semantic.border.width.outline-component}",
              "type": "borderWidth"
            },
            "left": {
              "value": "{semantic.border.width.outline-component}",
              "type": "borderWidth"
            }
          }
        }
      },
      "border": {
        "border-radius": {
          "value": "{semantic.border-radius.none}",
          "type": "borderRadius"
        }
      }
    },
    "dg-cell": {
      "opacity": {
        "text": {
          "cell": {
            "default": {
              "value": "{semantic.opacity.solid}",
              "type": "opacity"
            },
            "hover": {
              "value": "{semantic.opacity.solid}",
              "type": "opacity"
            },
            "disabled": {
              "value": "{semantic.opacity.solid}",
              "type": "opacity"
            },
            "dragging": {
              "value": "{semantic.opacity.muted}",
              "type": "opacity"
            },
            "row-hover": {
              "value": "{semantic.opacity.solid}",
              "type": "opacity"
            },
            "active": {
              "value": "{semantic.opacity.solid}",
              "type": "opacity"
            },
            "error": {
              "value": "{semantic.opacity.solid}",
              "type": "opacity"
            },
            "edited": {
              "value": "{semantic.opacity.solid}",
              "type": "opacity"
            },
            "locked": {
              "value": "{semantic.opacity.solid}",
              "type": "opacity"
            }
          },
          "header": {
            "default": {
              "value": "{semantic.opacity.solid}",
              "type": "opacity"
            },
            "hover": {
              "value": "{semantic.opacity.solid}",
              "type": "opacity"
            },
            "disabled": {
              "value": "{semantic.opacity.solid}",
              "type": "opacity"
            },
            "dragging": {
              "value": "{semantic.opacity.muted}",
              "type": "opacity"
            },
            "active": {
              "value": "{semantic.opacity.solid}",
              "type": "opacity"
            },
            "locked": {
              "value": "{semantic.opacity.solid}",
              "type": "opacity"
            }
          }
        }
      },
      "typography": {
        "content-cell": {
          "value": "{semantic.typography.label}",
          "type": "typography"
        },
        "header-column": {
          "value": "{semantic.typography.xxs-header}",
          "type": "typography"
        }
      }
    }
  }
}