{
  "component": {
    "dg-floating-button": {
      "spacing": {
        "padding": {
          "left": {
            "value": "{semantic.spacing.constant-scale.xs}",
            "type": "spacing"
          },
          "right": {
            "value": "{semantic.spacing.constant-scale.xs}",
            "type": "spacing"
          },
          "top": {
            "value": "{semantic.spacing.constant-scale.xs}",
            "type": "spacing"
          },
          "bottom": {
            "value": "{semantic.spacing.constant-scale.xs}",
            "type": "spacing"
          }
        },
        "gap": {
          "horizontal": {
            "value": "{semantic.spacing.constant-scale.sm}",
            "type": "spacing"
          },
          "vertical": {
            "value": "{semantic.spacing.constant-scale.none}",
            "type": "spacing"
          }
        }
      },
      "color": {
        "background": {
          "value": "{semantic.color.background.level.raised-1}",
          "type": "color"
        },
        "border": {
          "value": "{semantic.color.border.$border-weak}",
          "type": "color"
        },
        "text": {
          "value": "$semantic.color.text-content.$brand",
          "type": "color"
        },
        "icon": {
          "value": "$semantic.color.text-content.$brand",
          "type": "color"
        }
      },
      "border-radius": {
        "border": {
          "value": "{semantic.border-radius.md}",
          "type": "borderRadius"
        }
      },
      "size": {
        "icon": {
          "value": "{semantic.sizing.$inside-component}",
          "type": "sizing"
        }
      },
      "border-width": {
        "left": {
          "value": "{semantic.border.width.outline-component}",
          "type": "borderWidth"
        },
        "right": {
          "value": "{semantic.border.width.outline-component}",
          "type": "borderWidth"
        },
        "top": {
          "value": "{semantic.border.width.outline-component}",
          "type": "borderWidth"
        },
        "bottom": {
          "value": "{semantic.border.width.outline-component}",
          "type": "borderWidth"
        }
      },
      "box-shadow": {
        "elevation": {
          "value": "$semantic.box-shadow.floating",
          "type": "boxShadow"
        }
      }
    }
  }
}