{
  "component": {
    "dg-table-header": {
      "typography": {
        "toolbar-title": {
          "data-grid-title": {
            "value": "{semantic.typography.xs-header}",
            "type": "typography"
          }
        },
        "toolbar-query": {
          "preset-name": {
            "value": "{semantic.typography.content-text}",
            "type": "typography"
          }
        }
      },
      "size": {
        "toolbar-title": {
          "height": {
            "value": "{semantic.sizing.$component-header}",
            "type": "sizing"
          }
        },
        "toolbar-actions": {
          "height": {
            "value": "{semantic.sizing.$component-header}",
            "type": "sizing"
          }
        },
        "toolbar-query": {
          "height": {
            "value": "{semantic.sizing.$component-header}",
            "type": "sizing"
          }
        },
        "toolbar-commands": {
          "height": {
            "value": "{semantic.sizing.$component-header}",
            "type": "sizing"
          }
        }
      },
      "color": {
        "background": {
          "toolbar-title": {
            "value": "{semantic.color.background.level.raised-1}",
            "type": "color"
          },
          "toolbar-actions": {
            "value": "{semantic.color.background.level.raised-1}",
            "type": "color"
          },
          "toolbar-query": {
            "value": "{semantic.color.background.level.raised-1}",
            "type": "color"
          },
          "toolbar-commands": {
            "value": "{semantic.color.background.level.raised-1}",
            "type": "color"
          }
        },
        "border": {
          "toolbar-title": {
            "value": "{semantic.color.background.level.raised-3}",
            "type": "color"
          },
          "toolbar-actions": {
            "value": "{semantic.color.background.level.raised-3}",
            "type": "color"
          },
          "toolbar-query": {
            "value": "{semantic.color.background.level.raised-3}",
            "type": "color"
          },
          "toolbar-commands": {
            "value": "{semantic.color.background.level.raised-3}",
            "type": "color"
          }
        },
        "text": {
          "toolbar-title": {
            "value": "{semantic.color.text-content.$strongest}",
            "type": "color"
          },
          "toolbar-query": {
            "value": "{semantic.color.text-content.$strongest}",
            "type": "color"
          }
        },
        "icon": {
          "toolbar-query": {
            "value": "{semantic.color.text-content.$strongest}",
            "type": "color"
          }
        }
      },
      "border-radius": {
        "toolbar-title": {
          "value": "{semantic.border-radius.none}",
          "type": "borderRadius"
        },
        "toolbar-actions": {
          "value": "{semantic.border-radius.none}",
          "type": "borderRadius"
        },
        "toolbar-query": {
          "value": "{semantic.border-radius.none}",
          "type": "borderRadius"
        },
        "toolbar-commands": {
          "value": "{semantic.border-radius.none}",
          "type": "borderRadius"
        }
      },
      "toolbar-title": {
        "padding": {
          "left": {
            "value": "{aux-spacing.data-grid.table-header.padding.toolbar-title.left}",
            "type": "spacing"
          },
          "right": {
            "value": "{aux-spacing.data-grid.table-header.padding.toolbar-title.right}",
            "type": "spacing"
          },
          "top": {
            "value": "{aux-spacing.data-grid.table-header.padding.toolbar-title.top}",
            "type": "spacing"
          },
          "bottom": {
            "value": "{aux-spacing.data-grid.table-header.padding.toolbar-title.bottom}",
            "type": "spacing"
          }
        },
        "gap": {
          "horizontal": {
            "value": "{aux-spacing.data-grid.table-header.gap.toolbar-title.horizontal}",
            "type": "spacing"
          },
          "vertical": {
            "value": "{aux-spacing.data-grid.table-header.gap.toolbar-title.vertical}",
            "type": "spacing"
          }
        }
      },
      "toolbar-actions": {
        "padding": {
          "left": {
            "value": "{aux-spacing.data-grid.table-header.padding.toolbar-actions.left}",
            "type": "spacing"
          },
          "right": {
            "value": "{aux-spacing.data-grid.table-header.padding.toolbar-actions.right}",
            "type": "spacing"
          },
          "top": {
            "value": "{aux-spacing.data-grid.table-header.padding.toolbar-actions.top}",
            "type": "spacing"
          },
          "bottom": {
            "value": "{aux-spacing.data-grid.table-header.padding.toolbar-actions.bottom}",
            "type": "spacing"
          }
        },
        "gap": {
          "horizontal": {
            "value": "{aux-spacing.data-grid.table-header.gap.toolbar-actions.horizontal}",
            "type": "spacing"
          },
          "vertical": {
            "value": "{aux-spacing.data-grid.table-header.gap.toolbar-actions.vertical}",
            "type": "spacing"
          }
        }
      },
      "toolbar-query": {
        "padding": {
          "left": {
            "value": "{aux-spacing.data-grid.table-header.padding.toolbar-query.left}",
            "type": "spacing"
          },
          "right": {
            "value": "{aux-spacing.data-grid.table-header.padding.toolbar-query.right}",
            "type": "spacing"
          },
          "top": {
            "value": "{aux-spacing.data-grid.table-header.padding.toolbar-query.top}",
            "type": "spacing"
          },
          "bottom": {
            "value": "{aux-spacing.data-grid.table-header.padding.toolbar-query.bottom}",
            "type": "spacing"
          }
        },
        "gap": {
          "horizontal": {
            "value": "{aux-spacing.data-grid.table-header.gap.toolbar-query.horizontal}",
            "type": "spacing"
          },
          "vertical": {
            "value": "{aux-spacing.data-grid.table-header.gap.toolbar-query.vertical}",
            "type": "spacing"
          }
        }
      },
      "toolbar-commands": {
        "padding": {
          "left": {
            "value": "{aux-spacing.data-grid.table-header.padding.toolbar-commands.left}",
            "type": "spacing"
          },
          "right": {
            "value": "{aux-spacing.data-grid.table-header.padding.toolbar-commands.right}",
            "type": "spacing"
          },
          "top": {
            "value": "{aux-spacing.data-grid.table-header.padding.toolbar-commands.top}",
            "type": "spacing"
          },
          "bottom": {
            "value": "{aux-spacing.data-grid.table-header.padding.toolbar-commands.bottom}",
            "type": "spacing"
          }
        },
        "gap": {
          "horizontal": {
            "value": "{aux-spacing.data-grid.table-header.gap.toolbar-commands.horizontal}",
            "type": "spacing"
          },
          "vertical": {
            "value": "{aux-spacing.data-grid.table-header.gap.toolbar-commands.vertical}",
            "type": "spacing"
          }
        }
      }
    },
    "dg-table": {
      "header": {
        "border-width": {
          "toolbar-title": {
            "left": {
              "value": "{semantic.border.width.filled-component}",
              "type": "borderWidth"
            },
            "right": {
              "value": "{semantic.border.width.filled-component}",
              "type": "borderWidth"
            },
            "top": {
              "value": "{semantic.border.width.filled-component}",
              "type": "borderWidth"
            },
            "bottom": {
              "value": "{semantic.border.width.outline-component}",
              "type": "borderWidth"
            }
          },
          "toolbar-actions": {
            "left": {
              "value": "{semantic.border.width.filled-component}",
              "type": "borderWidth"
            },
            "right": {
              "value": "{semantic.border.width.filled-component}",
              "type": "borderWidth"
            },
            "top": {
              "value": "{semantic.border.width.filled-component}",
              "type": "borderWidth"
            },
            "bottom": {
              "value": "{semantic.border.width.outline-component}",
              "type": "borderWidth"
            }
          },
          "toolbar-query": {
            "left": {
              "value": "{semantic.border.width.filled-component}",
              "type": "borderWidth"
            },
            "right": {
              "value": "{semantic.border.width.filled-component}",
              "type": "borderWidth"
            },
            "top": {
              "value": "{semantic.border.width.filled-component}",
              "type": "borderWidth"
            },
            "bottom": {
              "value": "{semantic.border.width.outline-component}",
              "type": "borderWidth"
            }
          },
          "toolbar-commands": {
            "left": {
              "value": "{semantic.border.width.filled-component}",
              "type": "borderWidth"
            },
            "right": {
              "value": "{semantic.border.width.filled-component}",
              "type": "borderWidth"
            },
            "top": {
              "value": "{semantic.border.width.filled-component}",
              "type": "borderWidth"
            },
            "bottom": {
              "value": "{semantic.border.width.outline-component}",
              "type": "borderWidth"
            }
          }
        }
      }
    }
  }
}