{
  "component": {
    "dg-table-footer": {
      "typography": {
        "toolbar-count": {
          "counter-value": {
            "value": "{semantic.typography.label}",
            "type": "typography"
          },
          "counter-label": {
            "value": "{semantic.typography.xxs-header}",
            "type": "typography"
          }
        },
        "toolbar-pagination": {
          "pagination-text": {
            "value": "{semantic.typography.content-text}",
            "type": "typography"
          }
        }
      },
      "size": {
        "toolbar-count": {
          "height": {
            "value": "$semantic.sizing.$cell-default",
            "type": "sizing"
          }
        },
        "toolbar-pagination": {
          "height": {
            "value": "$semantic.sizing.$cell-default",
            "type": "sizing"
          }
        }
      },
      "color": {
        "background": {
          "toolbar-count": {
            "value": "{semantic.color.background.level.raised-1}",
            "type": "color"
          },
          "toolbar-pagination": {
            "value": "{semantic.color.background.level.raised-1}",
            "type": "color"
          }
        },
        "border": {
          "toolbar-count": {
            "value": "{semantic.color.background.level.raised-3}",
            "type": "color"
          },
          "toolbar-pagination": {
            "value": "{semantic.color.background.level.raised-3}",
            "type": "color"
          }
        },
        "text": {
          "toolbar-count": {
            "value": "{semantic.color.text-content.$strongest}",
            "type": "color"
          },
          "toolbar-pagination": {
            "value": "{semantic.color.text-content.$strongest}",
            "type": "color"
          }
        },
        "icon": {
          "toolbar-count": {
            "default": {
              "value": "{semantic.color.text-content.$strongest}",
              "type": "color"
            }
          },
          "toolbar-pagination": {
            "navigation-default": {
              "value": "{semantic.color.text-content.$strongest}",
              "type": "color"
            },
            "navigation-disabled": {
              "value": "$semantic.color.palette.warning.$content-disabled",
              "type": "color"
            },
            "grip-icon": {
              "value": "$semantic.color.text-content.$base",
              "type": "color"
            }
          }
        }
      },
      "border-width": {
        "toolbar-count": {
          "left": {
            "value": "{semantic.border.width.filled-component}",
            "type": "borderWidth"
          },
          "right": {
            "value": "{semantic.border.width.filled-component}",
            "type": "borderWidth"
          },
          "top": {
            "value": "{semantic.border.width.filled-component}",
            "type": "borderWidth"
          },
          "bottom": {
            "value": "{semantic.border.width.outline-component}",
            "type": "borderWidth"
          }
        },
        "toolbar-pagination": {
          "left": {
            "value": "{semantic.border.width.filled-component}",
            "type": "borderWidth"
          },
          "right": {
            "value": "{semantic.border.width.filled-component}",
            "type": "borderWidth"
          },
          "top": {
            "value": "{semantic.border.width.filled-component}",
            "type": "borderWidth"
          },
          "bottom": {
            "value": "{semantic.border.width.outline-component}",
            "type": "borderWidth"
          }
        }
      },
      "border-radius": {
        "toolbar-count": {
          "value": "{semantic.border-radius.none}",
          "type": "borderRadius"
        },
        "toolbar-pagination": {
          "value": "{semantic.border-radius.none}",
          "type": "borderRadius"
        }
      },
      "toolbar-count": {
        "padding": {
          "left": {
            "value": "{aux-spacing.data-grid.table-footer.padding.toolbar-count.left}",
            "type": "spacing"
          },
          "right": {
            "value": "{aux-spacing.data-grid.table-footer.padding.toolbar-count.right}",
            "type": "spacing"
          },
          "top": {
            "value": "{aux-spacing.data-grid.table-footer.padding.toolbar-count.top}",
            "type": "spacing"
          },
          "bottom": {
            "value": "{aux-spacing.data-grid.table-footer.padding.toolbar-count.bottom}",
            "type": "spacing"
          }
        },
        "gap": {
          "horizontal": {
            "value": "{aux-spacing.data-grid.table-footer.gap.toolbar-count.horizontal}",
            "type": "spacing"
          },
          "vertical": {
            "value": "{aux-spacing.data-grid.table-footer.gap.toolbar-count.vertical}",
            "type": "spacing"
          }
        }
      },
      "toolbar-pagination": {
        "padding": {
          "left": {
            "value": "{aux-spacing.data-grid.table-footer.padding.toolbar-pagination.left}",
            "type": "spacing"
          },
          "right": {
            "value": "{aux-spacing.data-grid.table-footer.padding.toolbar-pagination.right}",
            "type": "spacing"
          },
          "top": {
            "value": "{aux-spacing.data-grid.table-footer.padding.toolbar-pagination.top}",
            "type": "spacing"
          },
          "bottom": {
            "value": "{aux-spacing.data-grid.table-footer.padding.toolbar-pagination.bottom}",
            "type": "spacing"
          }
        },
        "gap": {
          "horizontal": {
            "value": "{aux-spacing.data-grid.table-footer.gap.toolbar-pagination.horizontal}",
            "type": "spacing"
          },
          "vertical": {
            "value": "{aux-spacing.data-grid.table-footer.gap.toolbar-pagination.vertical}",
            "type": "spacing"
          }
        }
      }
    }
  }
}