{
  "aux-spacing": {
    "auto-complete": {
      "padding": {
        "left": {
          "value": "{semantic.spacing.constant-scale.sm}",
          "type": "spacing"
        },
        "right": {
          "value": "{semantic.spacing.constant-scale.sm}",
          "type": "spacing"
        },
        "top": {
          "value": "{semantic.spacing.constant-scale.none}",
          "type": "spacing"
        },
        "bottom": {
          "value": "{semantic.spacing.constant-scale.none}",
          "type": "spacing"
        }
      },
      "gap": {
        "horizontal": {
          "value": "{semantic.spacing.constant-scale.sm}",
          "type": "spacing"
        },
        "vertical": {
          "value": "{semantic.spacing.constant-scale.none}",
          "type": "spacing"
        },
        "label-input": {
          "value": "{semantic.spacing.constant-scale.sm}",
          "type": "spacing"
        }
      }
    },
    "badge": {
      "padding": {
        "number": {
          "left": {
            "value": "{semantic.spacing.constant-scale.xs}",
            "type": "spacing"
          },
          "right": {
            "value": "{semantic.spacing.constant-scale.xs}",
            "type": "spacing"
          },
          "top": {
            "value": "{semantic.spacing.constant-scale.none}",
            "type": "spacing"
          },
          "bottom": {
            "value": "{semantic.spacing.constant-scale.none}",
            "type": "spacing"
          }
        },
        "dot": {
          "left": {
            "value": "{semantic.spacing.constant-scale.none}",
            "type": "spacing"
          },
          "right": {
            "value": "{semantic.spacing.constant-scale.none}",
            "type": "spacing"
          },
          "top": {
            "value": "{semantic.spacing.constant-scale.none}",
            "type": "spacing"
          },
          "bottom": {
            "value": "{semantic.spacing.constant-scale.none}",
            "type": "spacing"
          }
        },
        "icon": {
          "left": {
            "value": "{semantic.spacing.constant-scale.none}",
            "type": "spacing"
          },
          "right": {
            "value": "{semantic.spacing.constant-scale.none}",
            "type": "spacing"
          },
          "top": {
            "value": "{semantic.spacing.constant-scale.none}",
            "type": "spacing"
          },
          "bottom": {
            "value": "{semantic.spacing.constant-scale.none}",
            "type": "spacing"
          }
        }
      }
    },
    "button": {
      "padding": {
        "left": {
          "value": "{semantic.spacing.constant-scale.sm}",
          "type": "spacing"
        },
        "right": {
          "value": "{semantic.spacing.constant-scale.sm}",
          "type": "spacing"
        },
        "top": {
          "value": "{semantic.spacing.constant-scale.none}",
          "type": "spacing"
        },
        "bottom": {
          "value": "{semantic.spacing.constant-scale.none}",
          "type": "spacing"
        }
      },
      "gap": {
        "vertical": {
          "value": "{semantic.spacing.custom-scale.none}",
          "type": "spacing"
        },
        "horizontal": {
          "value": "{semantic.spacing.custom-scale.xs}",
          "type": "spacing"
        }
      }
    },
    "category-group": {
      "horizontal": {
        "gap-item": {
          "value": "{semantic.spacing.constant-scale.xs}",
          "type": "spacing"
        },
        "gap": {
          "value": "{semantic.spacing.constant-scale.xs}",
          "type": "spacing"
        },
        "padding": {
          "value": "{semantic.spacing.constant-scale.sm}",
          "type": "spacing"
        }
      }
    },
    "checkbox": {
      "gap": {
        "horizontal-gap": {
          "value": "{semantic.spacing.constant-scale.sm}",
          "type": "spacing"
        },
        "vertical-gap": {
          "value": "{semantic.spacing.constant-scale.sm}",
          "type": "spacing"
        }
      }
    },
    "form-label": {
      "gap": {
        "label-hint": {
          "value": "{semantic.spacing.constant-scale.sm}",
          "type": "spacing"
        },
        "optional-helper": {
          "value": "{semantic.spacing.constant-scale.xs}",
          "type": "spacing"
        },
        "label-optional": {
          "value": "{semantic.spacing.constant-scale.xs}",
          "type": "spacing"
        }
      }
    },
    "list": {
      "gap": {
        "horizontal-padding": {
          "value": "{semantic.spacing.constant-scale.xs}",
          "type": "spacing"
        },
        "horizontal-gap": {
          "value": "{semantic.spacing.constant-scale.sm}",
          "type": "spacing"
        },
        "vertical-padding": {
          "value": "{semantic.spacing.constant-scale.none}",
          "type": "spacing"
        }
      }
    },
    "menu-area": {
      "padding": {
        "menu": {
          "left": {
            "value": "{semantic.spacing.constant-scale.md}",
            "type": "spacing"
          },
          "right": {
            "value": "{semantic.spacing.constant-scale.none}",
            "type": "spacing"
          },
          "top": {
            "value": "{semantic.spacing.constant-scale.none}",
            "type": "spacing"
          },
          "bottom": {
            "value": "{semantic.spacing.constant-scale.none}",
            "type": "spacing"
          }
        },
        "icon-menu": {
          "left": {
            "value": "{semantic.spacing.constant-scale.sm}",
            "type": "spacing"
          },
          "right": {
            "value": "{semantic.spacing.constant-scale.sm}",
            "type": "spacing"
          },
          "top": {
            "value": "{semantic.spacing.constant-scale.sm}",
            "type": "spacing"
          },
          "bottom": {
            "value": "{semantic.spacing.constant-scale.sm}",
            "type": "spacing"
          }
        },
        "submenu": {
          "left": {
            "value": "{semantic.spacing.constant-scale.md}",
            "type": "spacing"
          },
          "right": {
            "value": "{semantic.spacing.constant-scale.md}",
            "type": "spacing"
          },
          "top": {
            "value": "{semantic.spacing.constant-scale.none}",
            "type": "spacing"
          },
          "bottom": {
            "value": "{semantic.spacing.constant-scale.none}",
            "type": "spacing"
          }
        }
      },
      "gap": {
        "menu": {
          "horizontal": {
            "value": "{semantic.spacing.constant-scale.md}",
            "type": "spacing"
          },
          "vertical": {
            "value": "{semantic.spacing.constant-scale.none}",
            "type": "spacing"
          }
        },
        "submenu": {
          "horizontal": {
            "value": "{semantic.spacing.constant-scale.md}",
            "type": "spacing"
          },
          "vertical": {
            "value": "{semantic.spacing.constant-scale.none}",
            "type": "spacing"
          }
        }
      }
    },
    "number-input": {
      "padding": {
        "left": {
          "value": "{semantic.spacing.constant-scale.sm}",
          "type": "spacing"
        },
        "right": {
          "value": "{semantic.spacing.constant-scale.sm}",
          "type": "spacing"
        },
        "top": {
          "value": "{semantic.spacing.constant-scale.none}",
          "type": "spacing"
        },
        "bottom": {
          "value": "{semantic.spacing.constant-scale.none}",
          "type": "spacing"
        }
      },
      "gap": {
        "horizontal": {
          "value": "{semantic.spacing.constant-scale.sm}",
          "type": "spacing"
        },
        "vertical": {
          "value": "{semantic.spacing.constant-scale.none}",
          "type": "spacing"
        },
        "label-input": {
          "value": "{semantic.spacing.constant-scale.sm}",
          "type": "spacing"
        }
      }
    },
    "panel": {
      "gap": {
        "horizontal": {
          "value": "{semantic.spacing.constant-scale.md}",
          "type": "spacing"
        },
        "vertical": {
          "value": "{semantic.spacing.constant-scale.md}",
          "type": "spacing"
        }
      }
    },
    "panel-header": {
      "gap": {
        "horizontal": {
          "value": "{semantic.spacing.constant-scale.sm}",
          "type": "spacing"
        }
      },
      "padding": {
        "horizontal": {
          "value": "{semantic.spacing.constant-scale.md}",
          "type": "spacing"
        },
        "vertical": {
          "value": "{semantic.spacing.constant-scale.md}",
          "type": "spacing"
        }
      }
    },
    "progress": {
      "gap": {
        "horizontal": {
          "value": "{semantic.spacing.constant-scale.sm}",
          "type": "spacing"
        }
      }
    },
    "search-input": {
      "padding": {
        "left": {
          "value": "{semantic.spacing.constant-scale.sm}",
          "type": "spacing"
        },
        "right": {
          "value": "{semantic.spacing.constant-scale.sm}",
          "type": "spacing"
        },
        "top": {
          "value": "{semantic.spacing.constant-scale.none}",
          "type": "spacing"
        },
        "bottom": {
          "value": "{semantic.spacing.constant-scale.none}",
          "type": "spacing"
        }
      },
      "gap": {
        "horizontal": {
          "value": "{semantic.spacing.constant-scale.sm}",
          "type": "spacing"
        },
        "vertical": {
          "value": "{semantic.spacing.constant-scale.none}",
          "type": "spacing"
        },
        "label-input": {
          "value": "{semantic.spacing.constant-scale.sm}",
          "type": "spacing"
        }
      }
    },
    "select": {
      "padding": {
        "left": {
          "value": "{semantic.spacing.constant-scale.sm}",
          "type": "spacing"
        },
        "right": {
          "value": "{semantic.spacing.constant-scale.sm}",
          "type": "spacing"
        },
        "top": {
          "value": "{semantic.spacing.constant-scale.none}",
          "type": "spacing"
        },
        "bottom": {
          "value": "{semantic.spacing.constant-scale.none}",
          "type": "spacing"
        }
      },
      "gap": {
        "horizontal": {
          "value": "{semantic.spacing.constant-scale.sm}",
          "type": "spacing"
        },
        "vertical": {
          "value": "{semantic.spacing.constant-scale.none}",
          "type": "spacing"
        },
        "label-input": {
          "value": "{semantic.spacing.constant-scale.sm}",
          "type": "spacing"
        }
      }
    },
    "sidepanel": {
      "padding": {
        "horizontal": {
          "value": "{semantic.spacing.constant-scale.md}",
          "type": "spacing"
        },
        "vertical": {
          "value": "{semantic.spacing.constant-scale.md}",
          "type": "spacing"
        }
      }
    },
    "switch": {
      "gap": {
        "horizontal": {
          "value": "{semantic.spacing.constant-scale.sm}",
          "type": "spacing"
        }
      }
    },
    "tabs": {
      "gap": {
        "horizontal-document-tab": {
          "value": "{semantic.spacing.constant-scale.sm}",
          "type": "spacing"
        },
        "horizontal-underline-tab": {
          "value": "{semantic.spacing.constant-scale.sm}",
          "type": "spacing"
        },
        "horizontal-filled-tab": {
          "value": "{semantic.spacing.constant-scale.sm}",
          "type": "spacing"
        }
      },
      "padding": {
        "horizontal-document-tab": {
          "value": "{semantic.spacing.constant-scale.md}",
          "type": "spacing"
        },
        "horizontal-underline-tab": {
          "value": "{semantic.spacing.constant-scale.md}",
          "type": "spacing"
        },
        "horizontal-filled-tab": {
          "value": "{semantic.spacing.constant-scale.md}",
          "type": "spacing"
        }
      }
    },
    "text-input": {
      "padding": {
        "left": {
          "value": "{semantic.spacing.constant-scale.sm}",
          "type": "spacing"
        },
        "right": {
          "value": "{semantic.spacing.constant-scale.sm}",
          "type": "spacing"
        },
        "top": {
          "value": "{semantic.spacing.constant-scale.none}",
          "type": "spacing"
        },
        "bottom": {
          "value": "{semantic.spacing.constant-scale.none}",
          "type": "spacing"
        }
      },
      "gap": {
        "horizontal": {
          "value": "{semantic.spacing.constant-scale.sm}",
          "type": "spacing"
        },
        "vertical": {
          "value": "{semantic.spacing.constant-scale.none}",
          "type": "spacing"
        },
        "label-input": {
          "value": "{semantic.spacing.constant-scale.sm}",
          "type": "spacing"
        }
      }
    },
    "toolbar": {
      "gap": {
        "horizontal": {
          "value": "{semantic.spacing.constant-scale.sm}",
          "type": "spacing"
        }
      }
    },
    "data-grid": {
      "floating-button": {
        "padding": {
          "left": {
            "value": "{semantic.spacing.constant-scale.xs}",
            "type": "spacing"
          },
          "right": {
            "value": "{semantic.spacing.constant-scale.xs}",
            "type": "spacing"
          },
          "top": {
            "value": "{semantic.spacing.constant-scale.xs}",
            "type": "spacing"
          },
          "bottom": {
            "value": "{semantic.spacing.constant-scale.xs}",
            "type": "spacing"
          }
        },
        "gap": {
          "horizontal": {
            "value": "{semantic.spacing.constant-scale.sm}",
            "type": "spacing"
          },
          "vertical": {
            "value": "{semantic.spacing.constant-scale.none}",
            "type": "spacing"
          }
        }
      },
      "cell": {
        "gap": {
          "horizontal": {
            "value": "{semantic.spacing.constant-scale.sm}",
            "type": "spacing"
          }
        },
        "padding": {
          "horizontal": {
            "value": "{semantic.spacing.constant-scale.sm}",
            "type": "spacing"
          }
        }
      },
      "table-header": {
        "padding": {
          "toolbar-title": {
            "left": {
              "value": "{semantic.spacing.constant-scale.sm}",
              "type": "spacing"
            },
            "right": {
              "value": "{semantic.spacing.constant-scale.none}",
              "type": "spacing"
            },
            "top": {
              "value": "{semantic.spacing.constant-scale.none}",
              "type": "spacing"
            },
            "bottom": {
              "value": "{semantic.spacing.constant-scale.none}",
              "type": "spacing"
            }
          },
          "toolbar-actions": {
            "left": {
              "value": "{semantic.spacing.constant-scale.sm}",
              "type": "spacing"
            },
            "right": {
              "value": "{semantic.spacing.constant-scale.none}",
              "type": "spacing"
            },
            "top": {
              "value": "{semantic.spacing.constant-scale.none}",
              "type": "spacing"
            },
            "bottom": {
              "value": "{semantic.spacing.constant-scale.none}",
              "type": "spacing"
            }
          },
          "toolbar-query": {
            "left": {
              "value": "{semantic.spacing.constant-scale.sm}",
              "type": "spacing"
            },
            "right": {
              "value": "{semantic.spacing.constant-scale.none}",
              "type": "spacing"
            },
            "top": {
              "value": "{semantic.spacing.constant-scale.none}",
              "type": "spacing"
            },
            "bottom": {
              "value": "{semantic.spacing.constant-scale.none}",
              "type": "spacing"
            }
          },
          "toolbar-commands": {
            "left": {
              "value": "{semantic.spacing.constant-scale.sm}",
              "type": "spacing"
            },
            "right": {
              "value": "{semantic.spacing.constant-scale.none}",
              "type": "spacing"
            },
            "top": {
              "value": "{semantic.spacing.constant-scale.none}",
              "type": "spacing"
            },
            "bottom": {
              "value": "{semantic.spacing.constant-scale.none}",
              "type": "spacing"
            }
          }
        },
        "gap": {
          "toolbar-title": {
            "horizontal": {
              "value": "{semantic.spacing.constant-scale.md}",
              "type": "spacing"
            },
            "vertical": {
              "value": "{semantic.spacing.constant-scale.none}",
              "type": "spacing"
            }
          },
          "toolbar-actions": {
            "horizontal": {
              "value": "{semantic.spacing.constant-scale.md}",
              "type": "spacing"
            },
            "vertical": {
              "value": "{semantic.spacing.constant-scale.none}",
              "type": "spacing"
            }
          },
          "toolbar-query": {
            "horizontal": {
              "value": "{semantic.spacing.constant-scale.md}",
              "type": "spacing"
            },
            "vertical": {
              "value": "{semantic.spacing.constant-scale.none}",
              "type": "spacing"
            }
          },
          "toolbar-commands": {
            "horizontal": {
              "value": "{semantic.spacing.constant-scale.md}",
              "type": "spacing"
            },
            "vertical": {
              "value": "{semantic.spacing.constant-scale.none}",
              "type": "spacing"
            }
          }
        }
      },
      "table-footer": {
        "padding": {
          "toolbar-count": {
            "left": {
              "value": "{semantic.spacing.constant-scale.sm}",
              "type": "spacing"
            },
            "right": {
              "value": "{semantic.spacing.constant-scale.none}",
              "type": "spacing"
            },
            "top": {
              "value": "{semantic.spacing.constant-scale.none}",
              "type": "spacing"
            },
            "bottom": {
              "value": "{semantic.spacing.constant-scale.none}",
              "type": "spacing"
            }
          },
          "toolbar-pagination": {
            "left": {
              "value": "{semantic.spacing.constant-scale.sm}",
              "type": "spacing"
            },
            "right": {
              "value": "{semantic.spacing.constant-scale.none}",
              "type": "spacing"
            },
            "top": {
              "value": "{semantic.spacing.constant-scale.none}",
              "type": "spacing"
            },
            "bottom": {
              "value": "{semantic.spacing.constant-scale.none}",
              "type": "spacing"
            }
          }
        },
        "gap": {
          "toolbar-count": {
            "horizontal": {
              "value": "{semantic.spacing.constant-scale.sm}",
              "type": "spacing"
            },
            "vertical": {
              "value": "{semantic.spacing.constant-scale.none}",
              "type": "spacing"
            }
          },
          "toolbar-pagination": {
            "horizontal": {
              "value": "{semantic.spacing.constant-scale.sm}",
              "type": "spacing"
            },
            "vertical": {
              "value": "{semantic.spacing.constant-scale.none}",
              "type": "spacing"
            }
          }
        }
      }
    },
    "card": {
      "spacing": {
        "padding": {
          "left": {
            "value": "{semantic.spacing.constant-scale.md}",
            "type": "spacing"
          },
          "right": {
            "value": "{semantic.spacing.constant-scale.md}",
            "type": "spacing"
          },
          "top": {
            "value": "{semantic.spacing.constant-scale.sm}",
            "type": "spacing"
          },
          "bottom": {
            "value": "{semantic.spacing.constant-scale.sm}",
            "type": "spacing"
          }
        },
        "gap": {
          "card-item": {
            "vertical": {
              "value": "{semantic.spacing.constant-scale.md}",
              "type": "spacing"
            },
            "horizontal": {
              "value": "{semantic.spacing.constant-scale.md}",
              "type": "spacing"
            }
          },
          "card-list": {
            "vertical": {
              "value": "{semantic.spacing.constant-scale.sm}",
              "type": "spacing"
            }
          }
        }
      }
    },
    "icon-title": {
      "gap": {
        "horizontal": {
          "value": "{semantic.spacing.constant-scale.sm}",
          "type": "spacing"
        }
      }
    },
    "tag": {
      "gap": {
        "horizontal": {
          "value": "{semantic.spacing.constant-scale.sm}",
          "type": "spacing"
        }
      },
      "padding": {
        "left": {
          "value": "{semantic.spacing.constant-scale.xs}",
          "type": "spacing"
        },
        "right": {
          "value": "{semantic.spacing.constant-scale.xxs}",
          "type": "spacing"
        },
        "top": {
          "value": "{semantic.spacing.constant-scale.xxs}",
          "type": "spacing"
        },
        "bottom": {
          "value": "{semantic.spacing.constant-scale.xxs}",
          "type": "spacing"
        }
      }
    },
    "dropdown-list": {
      "padding": {
        "horizontal": {
          "value": "{semantic.spacing.constant-scale.md}",
          "type": "spacing"
        }
      },
      "gap": {
        "horizontal": {
          "value": "{semantic.spacing.constant-scale.sm}",
          "type": "spacing"
        }
      }
    },
    "text-area": {
      "padding": {
        "left": {
          "value": "{semantic.spacing.constant-scale.sm}",
          "type": "spacing"
        },
        "right": {
          "value": "{semantic.spacing.constant-scale.sm}",
          "type": "spacing"
        },
        "top": {
          "value": "{semantic.spacing.constant-scale.none}",
          "type": "spacing"
        },
        "bottom": {
          "value": "{semantic.spacing.constant-scale.none}",
          "type": "spacing"
        }
      },
      "gap": {
        "horizontal": {
          "value": "{semantic.spacing.constant-scale.sm}",
          "type": "spacing"
        },
        "vertical": {
          "value": "{semantic.spacing.constant-scale.none}",
          "type": "spacing"
        },
        "label-input": {
          "value": "{semantic.spacing.constant-scale.sm}",
          "type": "spacing"
        }
      }
    },
    "duration-input": {
      "padding": {
        "left": {
          "value": "{semantic.spacing.constant-scale.sm}",
          "type": "spacing"
        },
        "right": {
          "value": "{semantic.spacing.constant-scale.sm}",
          "type": "spacing"
        },
        "top": {
          "value": "{semantic.spacing.constant-scale.none}",
          "type": "spacing"
        },
        "bottom": {
          "value": "{semantic.spacing.constant-scale.none}",
          "type": "spacing"
        }
      },
      "gap": {
        "horizontal": {
          "value": "{semantic.spacing.constant-scale.sm}",
          "type": "spacing"
        },
        "vertical": {
          "value": "{semantic.spacing.constant-scale.none}",
          "type": "spacing"
        },
        "label-input": {
          "value": "{semantic.spacing.constant-scale.sm}",
          "type": "spacing"
        }
      }
    },
    "tooltip": {
      "padding": {
        "horizontal": {
          "value": "{semantic.spacing.constant-scale.sm}",
          "type": "spacing"
        },
        "vertical": {
          "value": "{semantic.spacing.constant-scale.xs}",
          "type": "spacing"
        }
      }
    },
    "notification": {
      "padding": {
        "horizontal": {
          "value": "{semantic.spacing.constant-scale.md}",
          "type": "spacing"
        },
        "vertical": {
          "value": "{semantic.spacing.constant-scale.sm}",
          "type": "spacing"
        }
      },
      "gap": {
        "horizontal": {
          "value": "{semantic.spacing.constant-scale.sm}",
          "type": "spacing"
        },
        "vertical": {
          "value": "{semantic.spacing.constant-scale.sm}",
          "type": "spacing"
        }
      }
    },
    "breadcrumb": {
      "gap": {
        "horizontal": {
          "value": "{semantic.spacing.constant-scale.xs}",
          "type": "spacing"
        }
      }
    },
    "steps": {
      "gap": {
        "space-between": {
          "horizontal": {
            "value": "{semantic.spacing.constant-scale.md}",
            "type": "spacing"
          },
          "vertical": {
            "value": "{semantic.spacing.constant-scale.none}",
            "type": "spacing"
          }
        },
        "step-item": {
          "horizontal": {
            "value": "{semantic.spacing.constant-scale.sm}",
            "type": "spacing"
          },
          "vertical": {
            "value": "{semantic.spacing.4px-scale.xs}",
            "type": "spacing"
          }
        },
        "text": {
          "vertical": {
            "value": "{semantic.spacing.constant-scale.none}",
            "type": "spacing"
          }
        }
      }
    },
    "section": {
      "gap": {
        "horizontal": {
          "left-content": {
            "value": "{semantic.spacing.constant-scale.sm}",
            "type": "spacing"
          },
          "right-content": {
            "value": "{semantic.spacing.4px-scale.sm}",
            "type": "spacing"
          }
        }
      },
      "padding": {
        "horizontal": {
          "value": "{semantic.spacing.constant-scale.sm}",
          "type": "spacing"
        }
      }
    },
    "popover": {
      "padding": {
        "horizontal": {
          "value": "{semantic.spacing.constant-scale.md}",
          "type": "spacing"
        },
        "vertical": {
          "value": "{semantic.spacing.constant-scale.sm}",
          "type": "spacing"
        }
      }
    },
    "popconfirm": {
      "padding": {
        "horizontal": {
          "value": "{semantic.spacing.constant-scale.sm}",
          "type": "spacing"
        },
        "vertical": {
          "value": "{semantic.spacing.constant-scale.sm}",
          "type": "spacing"
        }
      }
    },
    "alert": {
      "padding": {
        "horizontal": {
          "value": "{semantic.spacing.constant-scale.md}",
          "type": "spacing"
        },
        "vertical": {
          "value": "{semantic.spacing.constant-scale.md}",
          "type": "spacing"
        }
      },
      "gap": {
        "horizontal": {
          "value": "{semantic.spacing.constant-scale.sm}",
          "type": "spacing"
        },
        "vertical": {
          "value": "{semantic.spacing.constant-scale.xs}",
          "type": "spacing"
        }
      }
    },
    "diagram": {
      "tray": {
        "gap": {
          "horizontal": {
            "value": "{semantic.spacing.constant-scale.sm}",
            "type": "spacing"
          }
        },
        "padding": {
          "horizontal": {
            "value": "{semantic.spacing.constant-scale.sm}",
            "type": "spacing"
          },
          "vertical": {
            "value": "{semantic.spacing.constant-scale.sm}",
            "type": "spacing"
          }
        }
      },
      "map": {
        "padding": {
          "horizontal": {
            "value": "{semantic.spacing.constant-scale.sm}",
            "type": "spacing"
          },
          "vertical": {
            "value": "{semantic.spacing.constant-scale.sm}",
            "type": "spacing"
          }
        }
      },
      "element": {
        "padding": {
          "horizontal": {
            "value": "{semantic.spacing.constant-scale.sm}",
            "type": "spacing"
          },
          "vertical": {
            "value": "{semantic.spacing.constant-scale.sm}",
            "type": "spacing"
          }
        },
        "gap": {
          "vertical": {
            "value": "{semantic.spacing.constant-scale.sm}",
            "type": "spacing"
          },
          "horizontal": {
            "value": "{semantic.spacing.constant-scale.sm}",
            "type": "spacing"
          },
          "between-text": {
            "value": "{semantic.spacing.constant-scale.none}",
            "type": "spacing"
          }
        }
      }
    }
  }
}