{
  "semantic": {
    "color": {
      "border": {
        "$border-weakest": {
          "value": "{primitive.color.neutral.$100}",
          "type": "color"
        },
        "$border-weaker": {
          "value": "{primitive.color.neutral.$90}",
          "type": "color"
        },
        "$border-weak": {
          "value": "{primitive.color.neutral.$70}",
          "type": "color"
        },
        "$border-normal": {
          "value": "{primitive.color.neutral.$60}",
          "type": "color"
        },
        "$border-medium": {
          "value": "{primitive.color.neutral.$50}",
          "type": "color"
        },
        "$border-hard": {
          "value": "{primitive.color.neutral.$40}",
          "type": "color"
        },
        "$border-hardest": {
          "value": "{primitive.color.neutral.lightest}",
          "type": "color"
        },
        "$focus": {
          "value": "{primitive.color.brand.$60}",
          "type": "color"
        },
        "$hover": {
          "value": "{primitive.color.brand.$40}",
          "type": "color"
        }
      },
      "text-content": {
        "$lightest": {
          "value": "{primitive.color.neutral.$100}",
          "type": "color"
        },
        "$light": {
          "value": "{primitive.color.neutral.$50}",
          "type": "color"
        },
        "$base": {
          "value": "{primitive.color.neutral.$40}",
          "type": "color"
        },
        "$strong": {
          "value": "{primitive.color.neutral.$20}",
          "type": "color"
        },
        "$strongest": {
          "value": "{primitive.color.neutral.lightest}",
          "type": "color"
        },
        "$brand": {
          "value": "$primitive.color.brand.$60",
          "type": "color"
        },
        "$brand-focus": {
          "value": "$primitive.color.brand.$70",
          "type": "color"
        },
        "$brand-contrast": {
          "value": "$primitive.color.neutral.lightest",
          "type": "color"
        }
      },
      "background": {
        "brand": {
          "$darkest": {
            "value": "{primitive.color.brand.$10}",
            "type": "color"
          },
          "$darker": {
            "value": "{primitive.color.brand.$40}",
            "type": "color"
          },
          "$brand": {
            "value": "{primitive.color.brand.$50}",
            "type": "color"
          },
          "$slightly-lighter": {
            "value": "{primitive.color.brand.$60}",
            "type": "color"
          },
          "$lighter-2": {
            "value": "{primitive.color.brand.$80}",
            "type": "color"
          },
          "$lighter-3": {
            "value": "{primitive.color.brand.$90}",
            "type": "color"
          },
          "$lightest": {
            "value": "{primitive.color.brand.$100}",
            "type": "color"
          }
        },
        "level": {
          "$ground": {
            "value": "{primitive.color.neutral.$100}",
            "type": "color"
          },
          "raised-1": {
            "value": "{primitive.color.neutral.$90}",
            "type": "color"
          },
          "raised-2": {
            "value": "{primitive.color.neutral.$80}",
            "type": "color"
          },
          "raised-3": {
            "value": "{primitive.color.neutral.$70}",
            "type": "color"
          },
          "raised-5": {
            "value": "{primitive.color.neutral.$50}",
            "type": "color"
          },
          "raised-6": {
            "value": "{primitive.color.neutral.$40}",
            "type": "color"
          }
        }
      },
      "disabled": {
        "background": {
          "value": "{primitive.color.neutral.$80}",
          "type": "color"
        },
        "border": {
          "value": "{primitive.color.neutral.$70}",
          "type": "color"
        },
        "content": {
          "value": "{primitive.color.neutral.$30}",
          "type": "color"
        },
        "content-alt": {
          "value": "{primitive.color.neutral.$40}",
          "type": "color"
        }
      },
      "palette": {
        "danger": {
          "$base": {
            "value": "{primitive.color.danger.$60}",
            "type": "color"
          },
          "$hover": {
            "value": "{primitive.color.danger.$70}",
            "type": "color"
          },
          "$active": {
            "value": "{primitive.color.danger.$80}",
            "type": "color"
          },
          "$loading": {
            "value": "{primitive.color.danger.$50}",
            "type": "color"
          },
          "$content": {
            "value": "{semantic.color.text-content.$lightest}",
            "type": "color"
          },
          "$disabled": {
            "value": "{primitive.color.neutral.$30}",
            "type": "color"
          },
          "$content-disabled": {
            "value": "{primitive.color.neutral.$50}",
            "type": "color"
          },
          "$background": {
            "value": "{primitive.color.danger.$10}",
            "type": "color"
          }
        },
        "warning": {
          "$base": {
            "value": "{primitive.color.warning.$60}",
            "type": "color"
          },
          "$hover": {
            "value": "{primitive.color.warning.$70}",
            "type": "color"
          },
          "$active": {
            "value": "{primitive.color.warning.$80}",
            "type": "color"
          },
          "$loading": {
            "value": "{primitive.color.warning.$50}",
            "type": "color"
          },
          "$content": {
            "value": "{semantic.color.text-content.$strong}",
            "type": "color"
          },
          "$disabled": {
            "value": "{primitive.color.neutral.$30}",
            "type": "color"
          },
          "$content-disabled": {
            "value": "{primitive.color.neutral.$50}",
            "type": "color"
          },
          "$background": {
            "value": "{primitive.color.warning.$10}",
            "type": "color"
          }
        },
        "primary": {
          "$base": {
            "value": "{primitive.color.brand.$60}",
            "type": "color"
          },
          "$hover": {
            "value": "{primitive.color.brand.$70}",
            "type": "color"
          },
          "$active": {
            "value": "{primitive.color.brand.$80}",
            "type": "color"
          },
          "$loading": {
            "value": "{primitive.color.brand.$50}",
            "type": "color"
          },
          "$content": {
            "value": "{semantic.color.text-content.$lightest}",
            "type": "color"
          },
          "$disabled": {
            "value": "{primitive.color.neutral.$30}",
            "type": "color"
          },
          "$content-disabled": {
            "value": "{primitive.color.neutral.$50}",
            "type": "color"
          },
          "$background": {
            "value": "{primitive.color.brand.$20}",
            "type": "color"
          }
        },
        "neutral": {
          "$base": {
            "value": "{primitive.color.neutral.$40}",
            "type": "color"
          },
          "$hover": {
            "value": "{primitive.color.neutral.$50}",
            "type": "color"
          },
          "$active": {
            "value": "{primitive.color.neutral.$60}",
            "type": "color"
          },
          "$loading": {
            "value": "{primitive.color.neutral.$30}",
            "type": "color"
          },
          "$content": {
            "value": "{semantic.color.text-content.$lightest}",
            "type": "color"
          },
          "$disabled": {
            "value": "{primitive.color.neutral.$30}",
            "type": "color"
          },
          "$content-disabled": {
            "value": "{primitive.color.neutral.$50}",
            "type": "color"
          },
          "$background": {
            "value": "{primitive.color.neutral.lightest}",
            "type": "color"
          }
        },
        "success": {
          "$base": {
            "value": "{primitive.color.success.$60}",
            "type": "color"
          },
          "$hover": {
            "value": "{primitive.color.success.$70}",
            "type": "color"
          },
          "$active": {
            "value": "{primitive.color.success.$80}",
            "type": "color"
          },
          "$loading": {
            "value": "{primitive.color.success.$50}",
            "type": "color"
          },
          "$content": {
            "value": "{semantic.color.text-content.$strong}",
            "type": "color"
          },
          "$disabled": {
            "value": "{primitive.color.neutral.$30}",
            "type": "color"
          },
          "$content-disabled": {
            "value": "{primitive.color.neutral.$50}",
            "type": "color"
          },
          "$background": {
            "value": "{primitive.color.success.$10}",
            "type": "color"
          }
        },
        "neutral-dark": {
          "$base": {
            "value": "{primitive.color.neutral.lightest}",
            "type": "color"
          },
          "$hover": {
            "value": "{primitive.color.neutral.$10}",
            "type": "color"
          },
          "$active": {
            "value": "{primitive.color.neutral.$20}",
            "type": "color"
          },
          "$loading": {
            "value": "{primitive.color.neutral.$60}",
            "type": "color"
          },
          "$content": {
            "value": "{semantic.color.text-content.$lightest}",
            "type": "color"
          },
          "$disabled": {
            "value": "{primitive.color.neutral.$30}",
            "type": "color"
          },
          "$content-disabled": {
            "value": "{primitive.color.neutral.$60}",
            "type": "color"
          },
          "$background": {
            "value": "{primitive.color.neutral.lightest}",
            "type": "color"
          }
        },
        "purple": {
          "$base": {
            "value": "{primitive.dataviz.07-violet.$base}",
            "type": "color"
          },
          "$hover": {
            "value": "{primitive.dataviz.07-violet.$70}",
            "type": "color"
          },
          "$active": {
            "value": "{primitive.dataviz.07-violet.$80}",
            "type": "color"
          },
          "$loading": {
            "value": "{primitive.dataviz.07-violet.$50}",
            "type": "color"
          },
          "$content": {
            "value": "{semantic.color.text-content.$lightest}",
            "type": "color"
          },
          "$disabled": {
            "value": "{primitive.color.neutral.$30}",
            "type": "color"
          },
          "$content-disabled": {
            "value": "{primitive.color.neutral.$50}",
            "type": "color"
          },
          "$background": {
            "value": "{primitive.dataviz.07-violet.$10}",
            "type": "color"
          }
        },
        "magenta": {
          "$base": {
            "value": "{primitive.dataviz.02-magenta.$base}",
            "type": "color"
          },
          "$hover": {
            "value": "{primitive.dataviz.02-magenta.$70}",
            "type": "color"
          },
          "$active": {
            "value": "{primitive.dataviz.02-magenta.$80}",
            "type": "color"
          },
          "$loading": {
            "value": "{primitive.dataviz.02-magenta.$50}",
            "type": "color"
          },
          "$content": {
            "value": "{semantic.color.text-content.$lightest}",
            "type": "color"
          },
          "$disabled": {
            "value": "{primitive.color.neutral.$30}",
            "type": "color"
          },
          "$content-disabled": {
            "value": "{primitive.color.neutral.$50}",
            "type": "color"
          },
          "$background": {
            "value": "{primitive.dataviz.02-magenta.$10}",
            "type": "color"
          }
        },
        "orange": {
          "$base": {
            "value": "{primitive.dataviz.10-orange.$base}",
            "type": "color"
          },
          "$hover": {
            "value": "{primitive.dataviz.10-orange.$60}",
            "type": "color"
          },
          "$active": {
            "value": "{primitive.dataviz.10-orange.$70}",
            "type": "color"
          },
          "$loading": {
            "value": "{primitive.dataviz.10-orange.$50}",
            "type": "color"
          },
          "$content": {
            "value": "{semantic.color.text-content.$lightest}",
            "type": "color"
          },
          "$disabled": {
            "value": "{primitive.color.neutral.$30}",
            "type": "color"
          },
          "$content-disabled": {
            "value": "{primitive.color.neutral.$50}",
            "type": "color"
          },
          "$background": {
            "value": "{primitive.dataviz.10-orange.$10}",
            "type": "color"
          }
        },
        "teal": {
          "$base": {
            "value": "{primitive.dataviz.04-teal.$base}",
            "type": "color"
          },
          "$hover": {
            "value": "{primitive.dataviz.04-teal.$70}",
            "type": "color"
          },
          "$active": {
            "value": "{primitive.dataviz.04-teal.$80}",
            "type": "color"
          },
          "$loading": {
            "value": "{primitive.dataviz.04-teal.$50}",
            "type": "color"
          },
          "$content": {
            "value": "{semantic.color.text-content.$lightest}",
            "type": "color"
          },
          "$disabled": {
            "value": "{primitive.color.neutral.$30}",
            "type": "color"
          },
          "$content-disabled": {
            "value": "{primitive.color.neutral.$50}",
            "type": "color"
          },
          "$background": {
            "value": "{primitive.dataviz.04-teal.$10}",
            "type": "color"
          }
        }
      },
      "text": {
        "placeholder": {
          "value": "{primitive.color.neutral.$50}",
          "type": "color"
        },
        "disabled": {
          "value": "$semantic.color.text-content.$light",
          "type": "color"
        },
        "content-filled": {
          "value": "$semantic.color.text-content.$strongest",
          "type": "color"
        }
      },
      "indicator": {
        "value": "{primitive.color.danger.$50}",
        "type": "color"
      }
    },
    "opacity": {
      "invisible": {
        "value": "{transparent}",
        "type": "opacity"
      },
      "muted": {
        "value": "{soft}",
        "type": "opacity"
      },
      "solid": {
        "value": "{opaque}",
        "type": "opacity"
      }
    }
  }
}