{
  "semantic": {
    "sizing": {
      "$micro-element": {
        "value": "{primitive.dimension.200}",
        "type": "sizing",
        "description": "can be part of other component with [inside-component] size"
      },
      "$sub-element": {
        "value": "{primitive.dimension.300}",
        "type": "sizing",
        "description": "can be part of other component with [inside-component] size"
      },
      "$inside-component-sm-scale": {
        "value": "{primitive.dimension.300}",
        "type": "sizing"
      },
      "$inside-component": {
        "value": "{primitive.dimension.400}",
        "type": "sizing"
      },
      "$component-default": {
        "value": "{primitive.dimension.500}",
        "type": "sizing"
      },
      "$component-default-sm-scale": {
        "value": "{primitive.dimension.350d}",
        "type": "sizing"
      },
      "$cell-default": {
        "value": "{primitive.dimension.600}",
        "type": "sizing"
      },
      "$component-header": {
        "value": "{primitive.dimension.700}",
        "type": "sizing"
      },
      "$component-panel": {
        "value": "{primitive.dimension.width-percent.fourth}",
        "type": "sizing"
      },
      "$component-panel-height": {
        "value": "{primitive.dimension.3400}",
        "type": "sizing"
      }
    },
    "border": {
      "width": {
        "filled-component": {
          "value": "{primitive.border-width.none}",
          "type": "borderWidth"
        },
        "outline-component": {
          "value": "{primitive.border-width.thin}",
          "type": "borderWidth"
        },
        "Selected-component": {
          "value": "{primitive.border-width.normal}",
          "type": "borderWidth"
        }
      }
    },
    "typography": {
      "label": {
        "value": "{primitive.typography.Display-04}",
        "type": "typography"
      },
      "xxs-header": {
        "value": "{primitive.typography.Heading-05}",
        "type": "typography"
      },
      "xs-header": {
        "value": "{primitive.typography.Heading-04}",
        "type": "typography"
      },
      "hint": {
        "value": "{primitive.typography.Display-04}",
        "type": "typography"
      },
      "content-text": {
        "value": "{primitive.typography.Paragraph-01}",
        "type": "typography",
        "description": "used inside a component when is not a description or title"
      },
      "menu-label": {
        "value": "{primitive.typography.Heading-04}",
        "type": "typography"
      },
      "submenu-label": {
        "value": "{primitive.typography.Display-04}",
        "type": "typography"
      },
      "button-caption": {
        "value": "{primitive.typography.Paragraph-01}",
        "type": "typography"
      },
      "placeholder": {
        "value": "{primitive.typography.Paragraph-01}",
        "type": "typography"
      }
    },
    "spacing": {
      "constant-scale": {
        "none": {
          "value": "{primitive.dimension.0}",
          "type": "spacing"
        },
        "xxs": {
          "value": "{primitive.dimension.25}",
          "type": "spacing"
        },
        "xs": {
          "value": "{primitive.dimension.50}",
          "type": "spacing"
        },
        "sm": {
          "value": "{primitive.dimension.100}",
          "type": "spacing"
        },
        "md": {
          "value": "{primitive.dimension.200}",
          "type": "spacing"
        },
        "lg": {
          "value": "{primitive.dimension.300}",
          "type": "spacing"
        }
      },
      "4px-scale": {
        "none": {
          "value": "{primitive.dimension.0}",
          "type": "spacing"
        },
        "xs": {
          "value": "{primitive.dimension.150d}",
          "type": "spacing"
        },
        "sm": {
          "value": "{primitive.dimension.200}",
          "type": "spacing"
        },
        "md": {
          "value": "{primitive.dimension.250d}",
          "type": "spacing"
        },
        "lg": {
          "value": "{primitive.dimension.300}",
          "type": "spacing"
        }
      },
      "8px-scale": {
        "none": {
          "value": "{primitive.dimension.0}",
          "type": "spacing"
        },
        "xs": {
          "value": "{primitive.dimension.300}",
          "type": "spacing"
        },
        "sm": {
          "value": "{primitive.dimension.400}",
          "type": "spacing"
        },
        "md": {
          "value": "{primitive.dimension.500}",
          "type": "spacing"
        },
        "lg": {
          "value": "{primitive.dimension.600}",
          "type": "spacing"
        }
      },
      "custom-scale": {
        "none": {
          "value": "{primitive.dimension.0}",
          "type": "spacing"
        },
        "xs": {
          "value": "{primitive.dimension.100}",
          "type": "spacing"
        },
        "sm": {
          "value": "{primitive.dimension.200}",
          "type": "spacing"
        },
        "md": {
          "value": "{primitive.dimension.300}",
          "type": "spacing"
        },
        "lg": {
          "value": "{primitive.dimension.400}",
          "type": "spacing"
        }
      }
    },
    "border-radius": {
      "none": {
        "value": "{primitive.border-radius.none}",
        "type": "borderRadius"
      },
      "xs": {
        "value": "{primitive.border-radius.minimal}",
        "type": "borderRadius"
      },
      "sm": {
        "value": "{primitive.border-radius.halfquark}",
        "type": "borderRadius"
      },
      "md": {
        "value": "{primitive.border-radius.quark}",
        "type": "borderRadius"
      },
      "lg": {
        "value": "{primitive.border-radius.base}",
        "type": "borderRadius"
      },
      "full": {
        "value": "{primitive.border-radius.circle}",
        "type": "borderRadius"
      }
    },
    "box-shadow": {
      "floating": {
        "value": "{primitive.elevation.$elevation-level-01}",
        "type": "boxShadow"
      }
    },
    "font-family": {
      "icon-family": {
        "value": "{primitive.font-family.material-icons}",
        "type": "fontFamilies"
      }
    }
  }
}