{
  "semantic": {
    "sizing": {
      "$micro-element": {
        "value": "{primitive.dimension.50}",
        "type": "sizing",
        "description": "can be part of other component with [inside-component] size"
      },
      "$sub-element": {
        "value": "{primitive.dimension.100}",
        "type": "sizing",
        "description": "can be part of other component with [inside-component] size"
      },
      "$inside-component-sm-scale": {
        "value": "{primitive.dimension.200}",
        "type": "sizing"
      },
      "$inside-component": {
        "value": "{primitive.dimension.200}",
        "type": "sizing"
      },
      "$component-default": {
        "value": "{primitive.dimension.300}",
        "type": "sizing"
      },
      "$cell-default": {
        "value": "{primitive.dimension.400}",
        "type": "sizing"
      },
      "$component-header": {
        "value": "{primitive.dimension.500}",
        "type": "sizing"
      },
      "$component-panel": {
        "value": "{primitive.dimension.width-percent.fourth}",
        "type": "sizing"
      }
    },
    "border": {
      "width": {
        "filled-component": {
          "value": "{primitive.border-width.none}",
          "type": "borderWidth"
        },
        "outline-component": {
          "value": "{primitive.border-width.thin}",
          "type": "borderWidth"
        },
        "Selected-component": {
          "value": "{primitive.border-width.normal}",
          "type": "borderWidth"
        }
      }
    },
    "typography": {
      "label": {
        "value": "{label-medium}",
        "type": "typography"
      },
      "xxs-header": {
        "value": "{primitive.typography.Heading-07}",
        "type": "typography"
      },
      "xs-header": {
        "value": "{primitive.typography.Heading-06}",
        "type": "typography"
      },
      "hint": {
        "value": "{primitive.typography.Display-06}",
        "type": "typography"
      },
      "content-text": {
        "value": "{primitive.typography.Paragraph-03}",
        "type": "typography",
        "description": "used inside a component when is not a description or title"
      },
      "menu-label": {
        "value": "{primitive.typography.Heading-06}",
        "type": "typography"
      },
      "submenu-label": {
        "value": "{primitive.typography.Display-06}",
        "type": "typography"
      },
      "button-caption": {
        "value": "{primitive.typography.Paragraph-03}",
        "type": "typography"
      },
      "placeholder": {
        "value": "{primitive.typography.Paragraph-03}",
        "type": "typography"
      }
    },
    "spacing": {
      "none": {
        "value": "{primitive.dimension.0}",
        "type": "spacing"
      },
      "xs": {
        "value": "{primitive.dimension.50}",
        "type": "spacing"
      },
      "sm": {
        "value": "{primitive.dimension.100}",
        "type": "spacing"
      },
      "md": {
        "value": "{primitive.dimension.200}",
        "type": "spacing"
      },
      "lg": {
        "value": "{primitive.dimension.300}",
        "type": "spacing"
      }
    },
    "border-radius": {
      "none": {
        "value": "{primitive.border-radius.none}",
        "type": "borderRadius"
      },
      "xs": {
        "value": "{primitive.border-radius.minimal}",
        "type": "borderRadius"
      },
      "sm": {
        "value": "{primitive.border-radius.halfquark}",
        "type": "borderRadius"
      },
      "md": {
        "value": "{primitive.border-radius.quark}",
        "type": "borderRadius"
      },
      "lg": {
        "value": "{primitive.border-radius.base}",
        "type": "borderRadius"
      },
      "full": {
        "value": "{primitive.border-radius.circle}",
        "type": "borderRadius"
      }
    },
    "box-shadow": {
      "floating": {
        "value": "{primitive.elevation.$elevation-level-01}",
        "type": "boxShadow"
      }
    },
    "font-family": {
      "icon-family": {
        "value": "{primitive.font-family.font-awesome}",
        "type": "fontFamilies"
      }
    }
  }
}