{
  "component": {
    "diagram-tray": {
      "color": {
        "background": {
          "value": "{semantic.color.background.level.raised-1}",
          "type": "color"
        },
        "background-hover": {
          "value": "{semantic.color.background.level.raised-2}",
          "type": "color"
        },
        "divider": {
          "value": "$semantic.color.border.$border-medium",
          "type": "color"
        },
        "icon": {
          "value": "$semantic.color.text-content.$strongest",
          "type": "color"
        }
      },
      "spacing": {
        "gap": {
          "horizontal": {
            "value": "{aux-spacing.diagram.tray.gap.horizontal}",
            "type": "spacing"
          }
        },
        "padding": {
          "horizontal": {
            "value": "{aux-spacing.diagram.tray.padding.horizontal}",
            "type": "spacing"
          },
          "vertical": {
            "value": "{aux-spacing.diagram.tray.padding.vertical}",
            "type": "spacing"
          }
        }
      },
      "border-radius": {
        "top-left": {
          "value": "{semantic.border-radius.md}",
          "type": "borderRadius"
        },
        "bottom-left": {
          "value": "{semantic.border-radius.md}",
          "type": "borderRadius"
        },
        "top-right": {
          "value": "{semantic.border-radius.md}",
          "type": "borderRadius"
        },
        "bottom-right": {
          "value": "{semantic.border-radius.md}",
          "type": "borderRadius"
        }
      }
    }
  },
  "semantic": {
    "diagram-tray": {
      "sizing": {
        "icon": {
          "height": {
            "value": "{semantic.sizing.$inside-component}",
            "type": "sizing"
          },
          "width": {
            "value": "{semantic.sizing.$inside-component}",
            "type": "sizing"
          }
        }
      }
    }
  }
}