{
  "component": {
    "diagram": {
      "connector": {
        "border-width": {
          "value": "{semantic.border.width.Selected-component}",
          "type": "borderWidth"
        },
        "color": {
          "border": {
            "value": "$semantic.color.border.$border-medium",
            "type": "color"
          }
        },
        "border-radius": {
          "curve-connectors": {
            "value": "{semantic.border-radius.none}",
            "type": "borderRadius"
          }
        }
      }
    }
  }
}