{
  "component": {
    "diagram": {
      "element": {
        "spacing": {
          "padding": {
            "horizontal": {
              "value": "{aux-spacing.diagram.element.padding.horizontal}",
              "type": "spacing"
            },
            "vertical": {
              "value": "{aux-spacing.diagram.element.padding.vertical}",
              "type": "spacing"
            }
          },
          "gap": {
            "horizontal": {
              "value": "{aux-spacing.diagram.element.gap.horizontal}",
              "type": "spacing"
            },
            "vertical": {
              "value": "{aux-spacing.diagram.element.gap.vertical}",
              "type": "spacing"
            },
            "between-text": {
              "value": "{aux-spacing.diagram.element.gap.between-text}",
              "type": "spacing"
            }
          }
        },
        "color": {
          "inital": {
            "background": {
              "value": "{semantic.color.background.level.raised-1}",
              "type": "color"
            },
            "border": {
              "value": "{semantic.color.border.$border-hardest}",
              "type": "color"
            },
            "title": {
              "value": "$semantic.color.text-content.$strongest",
              "type": "color"
            },
            "description": {
              "value": "$semantic.color.text-content.$strong",
              "type": "color"
            },
            "icon": {
              "value": "$semantic.color.text-content.$strongest",
              "type": "color"
            }
          },
          "hover": {
            "background": {
              "value": "{semantic.color.background.level.raised-2}",
              "type": "color"
            },
            "border": {
              "value": "{semantic.color.border.$border-hardest}",
              "type": "color"
            },
            "title": {
              "value": "$semantic.color.text-content.$strongest",
              "type": "color"
            },
            "description": {
              "value": "$semantic.color.text-content.$strong",
              "type": "color"
            },
            "icon": {
              "value": "$semantic.color.text-content.$strongest",
              "type": "color"
            }
          },
          "disabled": {
            "background": {
              "value": "{semantic.color.disabled.background}",
              "type": "color"
            },
            "border": {
              "value": "{semantic.color.disabled.border}",
              "type": "color"
            },
            "title": {
              "value": "{semantic.color.disabled.content}",
              "type": "color"
            },
            "description": {
              "value": "{semantic.color.disabled.content-alt}",
              "type": "color"
            },
            "icon": {
              "value": "{semantic.color.disabled.content}",
              "type": "color"
            }
          },
          "selected": {
            "background": {
              "value": "{semantic.color.background.level.raised-1}",
              "type": "color"
            },
            "border": {
              "value": "$semantic.color.border.$focus",
              "type": "color"
            },
            "title": {
              "value": "$semantic.color.text-content.$strongest",
              "type": "color"
            },
            "description": {
              "value": "$semantic.color.text-content.$strong",
              "type": "color"
            },
            "icon": {
              "value": "$semantic.color.text-content.$strongest",
              "type": "color"
            }
          },
          "collapsed": {
            "background": {
              "value": "{semantic.color.background.level.raised-1}",
              "type": "color"
            },
            "border": {
              "value": "{semantic.color.border.$border-hardest}",
              "type": "color"
            },
            "title": {
              "value": "$semantic.color.text-content.$strongest",
              "type": "color"
            },
            "description": {
              "value": "$semantic.color.text-content.$strong",
              "type": "color"
            },
            "icon": {
              "value": "$semantic.color.text-content.$strongest",
              "type": "color"
            }
          }
        },
        "border-radius": {
          "top-left": {
            "value": "{semantic.border-radius.md}",
            "type": "borderRadius"
          },
          "bottom-left": {
            "value": "{semantic.border-radius.md}",
            "type": "borderRadius"
          },
          "top-right": {
            "value": "{semantic.border-radius.md}",
            "type": "borderRadius"
          },
          "bottom-right": {
            "value": "{semantic.border-radius.md}",
            "type": "borderRadius"
          }
        },
        "border-width": {
          "initial": {
            "value": "{semantic.border.width.outline-component}",
            "type": "borderWidth"
          },
          "hover": {
            "value": "{semantic.border.width.outline-component}",
            "type": "borderWidth"
          },
          "disabled": {
            "value": "{semantic.border.width.outline-component}",
            "type": "borderWidth"
          },
          "selected": {
            "value": "{semantic.border.width.Selected-component}",
            "type": "borderWidth"
          },
          "collapsed": {
            "value": "{semantic.border.width.outline-component}",
            "type": "borderWidth"
          }
        },
        "element-title": {
          "value": "{semantic.typography.xs-header}",
          "type": "typography"
        },
        "element-description": {
          "value": "{semantic.typography.submenu-label}",
          "type": "typography"
        }
      }
    }
  }
}