{
  "component": {
    "diagram": {
      "map": {
        "sizing": {
          "width": {
            "value": "{semantic.sizing.$inside-component} *10",
            "type": "sizing"
          },
          "height": {
            "value": "{semantic.sizing.$sub-element}*10",
            "type": "sizing"
          }
        },
        "color": {
          "background": {
            "value": "{semantic.color.background.level.raised-1}",
            "type": "color"
          },
          "border": {
            "value": "{semantic.color.border.$border-medium}",
            "type": "color"
          },
          "border-fov": {
            "value": "$semantic.color.border.$focus",
            "type": "color"
          },
          "elements": {
            "value": "$semantic.color.disabled.content",
            "type": "color"
          }
        },
        "border-width": {
          "map-area": {
            "value": "{semantic.border.width.outline-component}",
            "type": "borderWidth"
          },
          "field-of-view": {
            "value": "{semantic.border.width.outline-component}",
            "type": "borderWidth"
          }
        }
      }
    }
  }
}