{
  "primitive": {
    "color": {
      "neutral": {
        "$100": {
          "value": "#262626",
          "type": "color",
          "description": "Used like this"
        },
        "$90": {
          "value": "#363636",
          "type": "color"
        },
        "$80": {
          "value": "#454545",
          "type": "color"
        },
        "$70": {
          "value": "#545454",
          "type": "color"
        },
        "$60": {
          "value": "#636363",
          "type": "color"
        },
        "$50": {
          "value": "#737373",
          "type": "color"
        },
        "$40": {
          "value": "#828282",
          "type": "color"
        },
        "$30": {
          "value": "#919191",
          "type": "color"
        },
        "$20": {
          "value": "#A1A1A1",
          "type": "color"
        },
        "$10": {
          "value": "#B0B0B0",
          "type": "color"
        },
        "lightest": {
          "value": "#ffffff",
          "type": "color"
        }
      },
      "brand": {
        "$100": {
          "value": "#365162",
          "type": "color"
        },
        "$90": {
          "value": "#44667C",
          "type": "color"
        },
        "$80": {
          "value": "#547F9B",
          "type": "color"
        },
        "$70": {
          "value": "#6598B9",
          "type": "color"
        },
        "$60": {
          "value": "#77B3DA",
          "type": "color"
        },
        "$50": {
          "value": "#8FC1E1",
          "type": "color"
        },
        "$40": {
          "value": "#A9CFE8",
          "type": "color"
        },
        "$30": {
          "value": "#C5DEEF",
          "type": "color"
        },
        "$20": {
          "value": "#DEEDF6",
          "type": "color"
        },
        "$10": {
          "value": "#F1F7FB",
          "type": "color"
        }
      },
      "danger": {
        "$100": {
          "value": "#6A282C",
          "type": "color"
        },
        "$90": {
          "value": "#863337",
          "type": "color"
        },
        "$80": {
          "value": "#A73F45",
          "type": "color"
        },
        "$70": {
          "value": "#C84C52",
          "type": "color"
        },
        "$60": {
          "value": "#EB5961",
          "type": "color"
        },
        "$50": {
          "value": "#EF777D",
          "type": "color"
        },
        "$40": {
          "value": "#F2969B",
          "type": "color"
        },
        "$30": {
          "value": "#F6B8BB",
          "type": "color"
        },
        "$20": {
          "value": "#FAD7D9",
          "type": "color"
        },
        "$10": {
          "value": "#FDEEEF",
          "type": "color"
        }
      },
      "success": {
        "$100": {
          "value": "#206113",
          "type": "color"
        },
        "$90": {
          "value": "#297B19",
          "type": "color"
        },
        "$80": {
          "value": "#33991F",
          "type": "color"
        },
        "$70": {
          "value": "#3DB825",
          "type": "color"
        },
        "$60": {
          "value": "#48D82B",
          "type": "color"
        },
        "$50": {
          "value": "#69DF51",
          "type": "color"
        },
        "$40": {
          "value": "#8CE679",
          "type": "color"
        },
        "$30": {
          "value": "#B0EEA4",
          "type": "color"
        },
        "$20": {
          "value": "#D3F6CC",
          "type": "color"
        },
        "$10": {
          "value": "#EDFBEA",
          "type": "color"
        }
      },
      "warning": {
        "$100": {
          "value": "#735600",
          "type": "color"
        },
        "$90": {
          "value": "#916D00",
          "type": "color"
        },
        "$80": {
          "value": "#B58800",
          "type": "color"
        },
        "$70": {
          "value": "#D9A200",
          "type": "color"
        },
        "$60": {
          "value": "#FFBF00",
          "type": "color"
        },
        "$50": {
          "value": "#FFCB2E",
          "type": "color"
        },
        "$40": {
          "value": "#FFD75E",
          "type": "color"
        },
        "$30": {
          "value": "#FFE391",
          "type": "color"
        },
        "$20": {
          "value": "#FFF0C2",
          "type": "color"
        },
        "$10": {
          "value": "#FFF9E6",
          "type": "color"
        }
      },
      "Info": {
        "$100": {
          "value": "{primitive.color.brand.$100}",
          "type": "color"
        },
        "$90": {
          "value": "{primitive.color.brand.$90}",
          "type": "color"
        },
        "$80": {
          "value": "{primitive.color.brand.$80}",
          "type": "color"
        },
        "$70": {
          "value": "{primitive.color.brand.$70}",
          "type": "color"
        },
        "$60": {
          "value": "{primitive.color.brand.$60}",
          "type": "color"
        },
        "$50": {
          "value": "{primitive.color.brand.$50}",
          "type": "color"
        },
        "$40": {
          "value": "{primitive.color.brand.$40}",
          "type": "color"
        },
        "$30": {
          "value": "{primitive.color.brand.$30}",
          "type": "color"
        },
        "$20": {
          "value": "{primitive.color.brand.$20}",
          "type": "color"
        },
        "$10": {
          "value": "{primitive.color.brand.$10}",
          "type": "color"
        }
      }
    },
    "dataviz": {
      "01-purple": {
        "$base": {
          "value": "#9f52ae",
          "type": "color"
        },
        "$10": {
          "value": "#f8f1f9",
          "type": "color"
        },
        "$20": {
          "value": "#f5ebf6",
          "type": "color"
        },
        "$30": {
          "value": "#e5cde8",
          "type": "color"
        },
        "$40": {
          "value": "#d6b1db",
          "type": "color"
        },
        "$50": {
          "value": "#c694cd",
          "type": "color"
        },
        "$60": {
          "value": "#b374be",
          "type": "color"
        },
        "$70": {
          "value": "#9f52ae",
          "type": "color"
        },
        "$80": {
          "value": "#8d3d9e",
          "type": "color"
        },
        "$90": {
          "value": "#70337d",
          "type": "color"
        },
        "$100": {
          "value": "#51275a",
          "type": "color"
        }
      },
      "02-magenta": {
        "$base": {
          "value": "#df5f8c",
          "type": "color"
        },
        "$10": {
          "value": "#fef0f4",
          "type": "color"
        },
        "$20": {
          "value": "#fde9ee",
          "type": "color"
        },
        "$30": {
          "value": "#f8c8d5",
          "type": "color"
        },
        "$40": {
          "value": "#f2a8bd",
          "type": "color"
        },
        "$50": {
          "value": "#ea87a5",
          "type": "color"
        },
        "$60": {
          "value": "#df5f8c",
          "type": "color"
        },
        "$70": {
          "value": "#c63d72",
          "type": "color"
        },
        "$80": {
          "value": "#a53660",
          "type": "color"
        },
        "$90": {
          "value": "#832e4d",
          "type": "color"
        },
        "$100": {
          "value": "#5e2439",
          "type": "color"
        }
      },
      "03-green": {
        "$base": {
          "value": "#92af62",
          "type": "color"
        },
        "$10": {
          "value": "#f1f5e7",
          "type": "color"
        },
        "$20": {
          "value": "#eaf1db",
          "type": "color"
        },
        "$30": {
          "value": "#cadca7",
          "type": "color"
        },
        "$40": {
          "value": "#a9c775",
          "type": "color"
        },
        "$50": {
          "value": "#92af62",
          "type": "color"
        },
        "$60": {
          "value": "#7c9354",
          "type": "color"
        },
        "$70": {
          "value": "#657745",
          "type": "color"
        },
        "$80": {
          "value": "#56653b",
          "type": "color"
        },
        "$90": {
          "value": "#455031",
          "type": "color"
        },
        "$100": {
          "value": "#333b25",
          "type": "color"
        }
      },
      "04-teal": {
        "$base": {
          "value": "#0d9aa0",
          "type": "color"
        },
        "$10": {
          "value": "#eaf6f6",
          "type": "color"
        },
        "$20": {
          "value": "#def1f1",
          "type": "color"
        },
        "$30": {
          "value": "#aedede",
          "type": "color"
        },
        "$40": {
          "value": "#7acacc",
          "type": "color"
        },
        "$50": {
          "value": "#2fb6bb",
          "type": "color"
        },
        "$60": {
          "value": "#0d9aa0",
          "type": "color"
        },
        "$70": {
          "value": "#177d83",
          "type": "color"
        },
        "$80": {
          "value": "#1a696f",
          "type": "color"
        },
        "$90": {
          "value": "#1a5459",
          "type": "color"
        },
        "$100": {
          "value": "#183d41",
          "type": "color"
        }
      },
      "05-indigo": {
        "$base": {
          "value": "#3358c0",
          "type": "color"
        },
        "$10": {
          "value": "#f3f3fb",
          "type": "color"
        },
        "$20": {
          "value": "#ededf9",
          "type": "color"
        },
        "$30": {
          "value": "#d2d2f0",
          "type": "color"
        },
        "$40": {
          "value": "#b8b9e7",
          "type": "color"
        },
        "$50": {
          "value": "#9da0de",
          "type": "color"
        },
        "$60": {
          "value": "#7c85d3",
          "type": "color"
        },
        "$70": {
          "value": "#566ac8",
          "type": "color"
        },
        "$80": {
          "value": "#3358c0",
          "type": "color"
        },
        "$90": {
          "value": "#2a469b",
          "type": "color"
        },
        "$100": {
          "value": "#25346e",
          "type": "color"
        }
      },
      "06-blue": {
        "$base": {
          "value": "#3aadfa",
          "type": "color"
        },
        "$10": {
          "value": "#ecf4ff",
          "type": "color"
        },
        "$20": {
          "value": "#e2efff",
          "type": "color"
        },
        "$30": {
          "value": "#b4d8ff",
          "type": "color"
        },
        "$40": {
          "value": "#80c3ff",
          "type": "color"
        },
        "$50": {
          "value": "#3aadfa",
          "type": "color"
        },
        "$60": {
          "value": "#3791d1",
          "type": "color"
        },
        "$70": {
          "value": "#3276a9",
          "type": "color"
        },
        "$80": {
          "value": "#2e638d",
          "type": "color"
        },
        "$90": {
          "value": "#284f70",
          "type": "color"
        },
        "$100": {
          "value": "#213a51",
          "type": "color"
        }
      },
      "07-violet": {
        "$base": {
          "value": "#a36dfc",
          "type": "color"
        },
        "$10": {
          "value": "#f8f1ff",
          "type": "color"
        },
        "$20": {
          "value": "#f4eaff",
          "type": "color"
        },
        "$30": {
          "value": "#e3cbff",
          "type": "color"
        },
        "$40": {
          "value": "#d1adff",
          "type": "color"
        },
        "$50": {
          "value": "#bd8eff",
          "type": "color"
        },
        "$60": {
          "value": "#a36dfc",
          "type": "color"
        },
        "$70": {
          "value": "#8559cb",
          "type": "color"
        },
        "$80": {
          "value": "#704ca9",
          "type": "color"
        },
        "$90": {
          "value": "#5a3e85",
          "type": "color"
        },
        "$100": {
          "value": "#422e5f",
          "type": "color"
        }
      },
      "08-red": {
        "$base": {
          "value": "#ff7b8a",
          "type": "color"
        },
        "$10": {
          "value": "#fff0f0",
          "type": "color"
        },
        "$20": {
          "value": "#ffe9e8",
          "type": "color"
        },
        "$30": {
          "value": "#ffc7c8",
          "type": "color"
        },
        "$40": {
          "value": "#ffa4a9",
          "type": "color"
        },
        "$50": {
          "value": "#ff7b8a",
          "type": "color"
        },
        "$60": {
          "value": "#de6373",
          "type": "color"
        },
        "$70": {
          "value": "#b3525f",
          "type": "color"
        },
        "$80": {
          "value": "#964652",
          "type": "color"
        },
        "$90": {
          "value": "#773943",
          "type": "color"
        },
        "$100": {
          "value": "#562b32",
          "type": "color"
        }
      },
      "09-pink": {
        "$base": {
          "value": "#f737b4",
          "type": "color"
        },
        "$10": {
          "value": "#ffeff8",
          "type": "color"
        },
        "$20": {
          "value": "#ffe7f5",
          "type": "color"
        },
        "$30": {
          "value": "#ffc3e7",
          "type": "color"
        },
        "$40": {
          "value": "#ff9ed8",
          "type": "color"
        },
        "$50": {
          "value": "#ff72c9",
          "type": "color"
        },
        "$60": {
          "value": "#f737b4",
          "type": "color"
        },
        "$70": {
          "value": "#c73291",
          "type": "color"
        },
        "$80": {
          "value": "#a62e7a",
          "type": "color"
        },
        "$90": {
          "value": "#832861",
          "type": "color"
        },
        "$100": {
          "value": "#5f2146",
          "type": "color"
        }
      },
      "10-orange": {
        "$base": {
          "value": "#f08c25",
          "type": "color"
        },
        "$10": {
          "value": "#fff1e5",
          "type": "color"
        },
        "$20": {
          "value": "#ffead8",
          "type": "color"
        },
        "$30": {
          "value": "#ffcb9c",
          "type": "color"
        },
        "$40": {
          "value": "#feaa5f",
          "type": "color"
        },
        "$50": {
          "value": "#f08c25",
          "type": "color"
        },
        "$60": {
          "value": "#ca7722",
          "type": "color"
        },
        "$70": {
          "value": "#a4611f",
          "type": "color"
        },
        "$80": {
          "value": "#89521d",
          "type": "color"
        },
        "$90": {
          "value": "#6d421a",
          "type": "color"
        },
        "$100": {
          "value": "#503116",
          "type": "color"
        }
      }
    }
  },
  "opaque": {
    "value": "1",
    "type": "opacity"
  },
  "soft": {
    "value": "0.3",
    "type": "opacity"
  },
  "transparent": {
    "value": "0",
    "type": "opacity"
  }
}