{
  "primitive": {
    "size": {
      "0": {
        "value": "0",
        "type": "sizing"
      },
      "25": {
        "value": "2",
        "type": "sizing"
      },
      "50": {
        "value": "4",
        "type": "sizing"
      },
      "100": {
        "value": "8",
        "type": "sizing"
      },
      "200": {
        "value": "16",
        "type": "sizing"
      },
      "250": {
        "value": "16",
        "type": "sizing"
      },
      "300": {
        "value": "24",
        "type": "sizing"
      },
      "400": {
        "value": "32",
        "type": "sizing"
      },
      "500": {
        "value": "40",
        "type": "sizing"
      },
      "600": {
        "value": "48",
        "type": "sizing"
      },
      "700": {
        "value": "56",
        "type": "sizing"
      }
    },
    "border-radius": {
      "none": {
        "value": "0",
        "type": "borderRadius"
      },
      "halfquark": {
        "value": "2",
        "type": "borderRadius"
      },
      "minimal": {
        "value": "1",
        "type": "borderRadius"
      },
      "quark": {
        "value": "4",
        "type": "borderRadius"
      },
      "base": {
        "value": "8",
        "type": "borderRadius"
      },
      "circle": {
        "value": "999",
        "type": "borderRadius"
      }
    },
    "spacing": {
      "none": {
        "value": "0",
        "type": "spacing"
      },
      "xxs": {
        "value": "4",
        "type": "spacing"
      },
      "xs": {
        "value": "8",
        "type": "spacing"
      },
      "sm": {
        "value": "16",
        "type": "spacing"
      },
      "md": {
        "value": "24",
        "type": "spacing"
      },
      "lg": {
        "value": "32",
        "type": "spacing"
      },
      "xl": {
        "value": "40",
        "type": "spacing"
      },
      "xxl": {
        "value": "48",
        "type": "spacing"
      }
    },
    "elevation": {
      "$elevation-level-01": {
        "value": {
          "color": "#0000001a",
          "type": "dropShadow",
          "x": "0",
          "y": "1",
          "blur": "24",
          "spread": "0"
        },
        "type": "boxShadow"
      },
      "$elevation-level-02": {
        "value": {
          "color": "#0000001a",
          "type": "dropShadow",
          "x": "0",
          "y": "4",
          "blur": "8",
          "spread": "0"
        },
        "type": "boxShadow"
      },
      "$elevation-level-03": {
        "value": {
          "color": "#0000001a",
          "type": "dropShadow",
          "x": "0",
          "y": "6",
          "blur": "12",
          "spread": "0"
        },
        "type": "boxShadow"
      },
      "$elevation-level-04": {
        "value": {
          "color": "#0000001a",
          "type": "dropShadow",
          "x": "0",
          "y": "8",
          "blur": "16",
          "spread": "0"
        },
        "type": "boxShadow"
      },
      "$elevation-level-05": {
        "value": {
          "color": "#0000001a",
          "type": "dropShadow",
          "x": "0",
          "y": "12",
          "blur": "24",
          "spread": "0"
        },
        "type": "boxShadow"
      }
    },
    "border-width": {
      "none": {
        "value": "0",
        "type": "borderWidth"
      },
      "thin": {
        "value": "1",
        "type": "borderWidth"
      },
      "normal": {
        "value": "2",
        "type": "borderWidth"
      },
      "thick": {
        "value": "4",
        "type": "borderWidth"
      }
    },
    "icon": {
      "sm": {
        "value": "16",
        "type": "fontSizes"
      },
      "md": {
        "value": "24",
        "type": "fontSizes"
      },
      "lg": {
        "value": "32",
        "type": "fontSizes"
      }
    },
    "dimension": {
      "0": {
        "value": "0px",
        "type": "dimension"
      },
      "25": {
        "value": "2px",
        "type": "dimension"
      },
      "50": {
        "value": "4px",
        "type": "dimension"
      },
      "100": {
        "value": "8px",
        "type": "dimension"
      },
      "200": {
        "value": "16px",
        "type": "dimension"
      },
      "300": {
        "value": "24px",
        "type": "dimension"
      },
      "400": {
        "value": "32px",
        "type": "dimension"
      },
      "500": {
        "value": "40px",
        "type": "dimension"
      },
      "600": {
        "value": "48px",
        "type": "dimension"
      },
      "700": {
        "value": "56px",
        "type": "dimension"
      },
      "3000": {
        "value": "240px",
        "type": "dimension"
      },
      "3200": {
        "value": "256px",
        "type": "dimension"
      },
      "3400": {
        "value": "272px",
        "type": "dimension"
      },
      "150d": {
        "value": "12px",
        "type": "dimension"
      },
      "250d": {
        "value": "20px",
        "type": "dimension"
      },
      "350d": {
        "value": "28px",
        "type": "dimension"
      },
      "450d": {
        "value": "36px",
        "type": "dimension"
      },
      "width-percent": {
        "fourth": {
          "value": "24%",
          "type": "other"
        },
        "half": {
          "value": "48%",
          "type": "other"
        },
        "full": {
          "value": "100%",
          "type": "other"
        }
      }
    }
  }
}