{
  "primitive": {
    "font-family": {
      "Roboto": {
        "value": "Roboto",
        "type": "fontFamilies"
      },
      "Roboto-mono": {
        "value": "Roboto Mono",
        "type": "fontFamilies"
      },
      "font-awesome": {
        "value": "Font Awesome 5 Pro",
        "type": "fontFamilies"
      },
      "material-icons": {
        "value": "Material Icons Outlined",
        "type": "fontFamilies"
      }
    },
    "letter-spacing": {
      "none": {
        "value": "0",
        "type": "letterSpacing"
      },
      "tiny": {
        "value": "0.15",
        "type": "letterSpacing"
      },
      "compact": {
        "value": "0.3",
        "type": "letterSpacing"
      }
    },
    "line-height": {
      "condensed": {
        "value": "120%",
        "type": "lineHeights"
      },
      "cozy": {
        "value": "140%",
        "type": "lineHeights"
      }
    },
    "font-weight": {
      "regular": {
        "value": "400",
        "type": "fontWeights"
      },
      "bold": {
        "value": "700",
        "type": "fontWeights"
      }
    },
    "font-size": {
      "sm": {
        "value": "12",
        "type": "fontSizes"
      },
      "md": {
        "value": "14",
        "type": "fontSizes"
      },
      "lg": {
        "value": "16",
        "type": "fontSizes"
      },
      "xl": {
        "value": "18",
        "type": "fontSizes"
      },
      "xxl": {
        "value": "21",
        "type": "fontSizes"
      },
      "xxxl": {
        "value": "24",
        "type": "fontSizes"
      },
      "4xl": {
        "value": "28",
        "type": "fontSizes"
      }
    },
    "typography": {
      "Heading-01": {
        "value": {
          "fontFamily": "{primitive.font-family.Roboto}",
          "fontWeight": "{primitive.font-weight.bold}",
          "fontSize": "{primitive.font-size.4xl}",
          "lineHeight": "{primitive.line-height.condensed}",
          "letterSpacing": "{primitive.letter-spacing.compact}"
        },
        "type": "typography"
      },
      "Heading-02": {
        "value": {
          "fontFamily": "{primitive.font-family.Roboto}",
          "fontWeight": "{primitive.font-weight.bold}",
          "fontSize": "{primitive.font-size.xxxl}",
          "lineHeight": "{primitive.line-height.condensed}",
          "letterSpacing": "{primitive.letter-spacing.compact}"
        },
        "type": "typography"
      },
      "Heading-03": {
        "value": {
          "fontFamily": "{primitive.font-family.Roboto}",
          "fontWeight": "{primitive.font-weight.bold}",
          "fontSize": "{primitive.font-size.xxl}",
          "lineHeight": "{primitive.line-height.condensed}",
          "letterSpacing": "{primitive.letter-spacing.compact}"
        },
        "type": "typography"
      },
      "Heading-04": {
        "value": {
          "fontFamily": "{primitive.font-family.Roboto}",
          "fontWeight": "{primitive.font-weight.bold}",
          "fontSize": "{primitive.font-size.xl}",
          "lineHeight": "{primitive.line-height.condensed}",
          "letterSpacing": "{primitive.letter-spacing.tiny}"
        },
        "type": "typography"
      },
      "Heading-05": {
        "value": {
          "fontFamily": "{primitive.font-family.Roboto}",
          "fontWeight": "{primitive.font-weight.bold}",
          "fontSize": "{primitive.font-size.lg}",
          "lineHeight": "{primitive.line-height.condensed}",
          "letterSpacing": "{primitive.letter-spacing.tiny}"
        },
        "type": "typography"
      },
      "Heading-06": {
        "value": {
          "fontFamily": "{primitive.font-family.Roboto}",
          "fontWeight": "{primitive.font-weight.bold}",
          "fontSize": "{primitive.font-size.md}",
          "lineHeight": "{primitive.line-height.condensed}",
          "letterSpacing": "{primitive.letter-spacing.none}"
        },
        "type": "typography"
      },
      "Heading-07": {
        "value": {
          "fontFamily": "{primitive.font-family.Roboto}",
          "fontWeight": "{primitive.font-weight.bold}",
          "fontSize": "{primitive.font-size.sm}",
          "lineHeight": "{primitive.line-height.condensed}",
          "letterSpacing": "{primitive.letter-spacing.none}"
        },
        "type": "typography"
      },
      "Display-01": {
        "value": {
          "fontFamily": "{primitive.font-family.Roboto}",
          "fontWeight": "{primitive.font-weight.regular}",
          "fontSize": "{primitive.font-size.xxxl}",
          "lineHeight": "{primitive.line-height.condensed}",
          "letterSpacing": "{primitive.letter-spacing.compact}"
        },
        "type": "typography"
      },
      "Display-02": {
        "value": {
          "fontFamily": "{primitive.font-family.Roboto}",
          "fontWeight": "{primitive.font-weight.regular}",
          "fontSize": "{primitive.font-size.xxl}",
          "lineHeight": "{primitive.line-height.condensed}",
          "letterSpacing": "{primitive.letter-spacing.compact}"
        },
        "type": "typography"
      },
      "Display-03": {
        "value": {
          "fontFamily": "{primitive.font-family.Roboto}",
          "fontWeight": "{primitive.font-weight.regular}",
          "fontSize": "{primitive.font-size.xl}",
          "lineHeight": "{primitive.line-height.condensed}",
          "letterSpacing": "{primitive.letter-spacing.tiny}"
        },
        "type": "typography"
      },
      "Display-04": {
        "value": {
          "fontFamily": "{primitive.font-family.Roboto}",
          "fontWeight": "{primitive.font-weight.regular}",
          "fontSize": "{primitive.font-size.lg}",
          "lineHeight": "{primitive.line-height.condensed}",
          "letterSpacing": "{primitive.letter-spacing.tiny}"
        },
        "type": "typography"
      },
      "Display-05": {
        "value": {
          "fontFamily": "{primitive.font-family.Roboto}",
          "fontWeight": "{primitive.font-weight.regular}",
          "fontSize": "{primitive.font-size.md}",
          "lineHeight": "{primitive.line-height.condensed}",
          "letterSpacing": "{primitive.letter-spacing.none}"
        },
        "type": "typography"
      },
      "Display-06": {
        "value": {
          "fontFamily": "{primitive.font-family.Roboto}",
          "fontWeight": "{primitive.font-weight.regular}",
          "fontSize": "{primitive.font-size.sm}",
          "lineHeight": "{primitive.line-height.condensed}",
          "letterSpacing": "{primitive.letter-spacing.none}"
        },
        "type": "typography"
      },
      "Paragraph-01": {
        "value": {
          "fontFamily": "{primitive.font-family.Roboto}",
          "fontWeight": "{primitive.font-weight.regular}",
          "fontSize": "{primitive.font-size.lg}",
          "lineHeight": "{primitive.line-height.cozy}",
          "letterSpacing": "{primitive.letter-spacing.compact}"
        },
        "type": "typography"
      },
      "Paragraph-01-strong": {
        "value": {
          "fontFamily": "{primitive.font-family.Roboto}",
          "fontWeight": "{primitive.font-weight.bold}",
          "fontSize": "{primitive.font-size.lg}",
          "lineHeight": "{primitive.line-height.cozy}",
          "letterSpacing": "{primitive.letter-spacing.compact}"
        },
        "type": "typography"
      },
      "Paragraph-02": {
        "value": {
          "fontFamily": "{primitive.font-family.Roboto}",
          "fontWeight": "{primitive.font-weight.regular}",
          "fontSize": "{primitive.font-size.md}",
          "lineHeight": "{primitive.line-height.cozy}",
          "letterSpacing": "{primitive.letter-spacing.tiny}"
        },
        "type": "typography"
      },
      "Paragraph-02-strong": {
        "value": {
          "fontFamily": "{primitive.font-family.Roboto}",
          "fontWeight": "{primitive.font-weight.bold}",
          "fontSize": "{primitive.font-size.md}",
          "lineHeight": "{primitive.line-height.cozy}",
          "letterSpacing": "{primitive.letter-spacing.tiny}"
        },
        "type": "typography"
      },
      "Paragraph-03": {
        "value": {
          "fontFamily": "{primitive.font-family.Roboto}",
          "fontWeight": "{primitive.font-weight.regular}",
          "fontSize": "{primitive.font-size.sm}",
          "lineHeight": "{primitive.line-height.cozy}",
          "letterSpacing": "{primitive.letter-spacing.tiny}"
        },
        "type": "typography"
      },
      "Paragraph-03-strong": {
        "value": {
          "fontFamily": "{primitive.font-family.Roboto}",
          "fontWeight": "{primitive.font-weight.bold}",
          "fontSize": "{primitive.font-size.sm}",
          "lineHeight": "{primitive.line-height.cozy}",
          "letterSpacing": "{primitive.letter-spacing.tiny}"
        },
        "type": "typography"
      },
      "code": {
        "value": {
          "fontFamily": "{primitive.font-family.Roboto-mono}",
          "fontWeight": "{primitive.font-weight.regular}",
          "fontSize": "{primitive.font-size.sm}",
          "lineHeight": "{primitive.line-height.condensed}",
          "letterSpacing": "{primitive.letter-spacing.none}"
        },
        "type": "typography"
      },
      "code-strong": {
        "value": {
          "fontFamily": "{primitive.font-family.Roboto-mono}",
          "fontWeight": "{primitive.font-weight.bold}",
          "fontSize": "{primitive.font-size.sm}",
          "lineHeight": "{primitive.line-height.condensed}",
          "letterSpacing": "{primitive.letter-spacing.none}"
        },
        "type": "typography"
      }
    }
  }
}