{
  "primitive": {
    "font-family": {
      "Roboto": {
        "value": "Roboto",
        "type": "fontFamilies"
      }
    },
    "letter-spacing": {
      "none": {
        "value": "0",
        "type": "letterSpacing"
      }
    },
    "font-weight": {
      "regular": {
        "value": "400",
        "type": "fontWeights"
      },
      "medium": {
        "value": "500",
        "type": "fontWeights"
      },
      "bold": {
        "value": "700",
        "type": "fontWeights"
      }
    },
    "font-size": {
      "sm": {
        "value": "12",
        "type": "fontSizes"
      },
      "md": {
        "value": "14",
        "type": "fontSizes"
      },
      "lg": {
        "value": "16",
        "type": "fontSizes"
      },
      "xl": {
        "value": "18",
        "type": "fontSizes"
      },
      "xxl": {
        "value": "21",
        "type": "fontSizes"
      },
      "xxxl": {
        "value": "24",
        "type": "fontSizes"
      },
      "4xl": {
        "value": "28",
        "type": "fontSizes"
      }
    },
    "line-height": {
      "multiplier": {
        "value": "4",
        "type": "lineHeights"
      }
    }
  },
  "Title-1-regular": {
    "value": {
      "fontFamily": "{primitive.font-family.Roboto}",
      "fontWeight": "{primitive.font-weight.regular}",
      "fontSize": "{primitive.font-size.xl}",
      "lineHeight": "{primitive.font-size.xl}+{primitive.line-height.multiplier}",
      "letterSpacing": "{primitive.letter-spacing.none}"
    },
    "type": "typography"
  },
  "Title-1-medium": {
    "value": {
      "fontFamily": "{primitive.font-family.Roboto}",
      "fontWeight": "{primitive.font-weight.medium}",
      "fontSize": "{primitive.font-size.xl}",
      "lineHeight": "{primitive.font-size.xl}+{primitive.line-height.multiplier}",
      "letterSpacing": "{primitive.letter-spacing.none}"
    },
    "type": "typography"
  },
  "Title-1-bold": {
    "value": {
      "fontFamily": "{primitive.font-family.Roboto}",
      "fontWeight": "{primitive.font-weight.bold}",
      "fontSize": "{primitive.font-size.xl}",
      "lineHeight": "{primitive.font-size.xl}+{primitive.line-height.multiplier}",
      "letterSpacing": "{primitive.letter-spacing.none}"
    },
    "type": "typography"
  },
  "body-1-regular": {
    "value": {
      "fontFamily": "{primitive.font-family.Roboto}",
      "fontWeight": "{primitive.font-weight.regular}",
      "fontSize": "{primitive.font-size.lg}",
      "lineHeight": "{primitive.font-size.lg}+{primitive.line-height.multiplier}",
      "letterSpacing": "{primitive.letter-spacing.none}"
    },
    "type": "typography"
  },
  "body-1-medium": {
    "value": {
      "fontFamily": "{primitive.font-family.Roboto}",
      "fontWeight": "{primitive.font-weight.medium}",
      "fontSize": "{primitive.font-size.lg}",
      "lineHeight": "{primitive.font-size.lg}+{primitive.line-height.multiplier}",
      "letterSpacing": "{primitive.letter-spacing.none}"
    },
    "type": "typography"
  },
  "body-1-bold": {
    "value": {
      "fontFamily": "{primitive.font-family.Roboto}",
      "fontWeight": "{primitive.font-weight.bold}",
      "fontSize": "{primitive.font-size.lg}",
      "lineHeight": "{primitive.font-size.lg}+{primitive.line-height.multiplier}",
      "letterSpacing": "{primitive.letter-spacing.none}"
    },
    "type": "typography"
  },
  "body-2-regular": {
    "value": {
      "fontFamily": "{primitive.font-family.Roboto}",
      "fontWeight": "{primitive.font-weight.regular}",
      "fontSize": "{primitive.font-size.md}",
      "lineHeight": "{primitive.font-size.md}+{primitive.line-height.multiplier}",
      "letterSpacing": "{primitive.letter-spacing.none}"
    },
    "type": "typography"
  },
  "body-2-medium": {
    "value": {
      "fontFamily": "{primitive.font-family.Roboto}",
      "fontWeight": "{primitive.font-weight.medium}",
      "fontSize": "{primitive.font-size.md}",
      "lineHeight": "{primitive.font-size.md}+{primitive.line-height.multiplier}",
      "letterSpacing": "{primitive.letter-spacing.none}"
    },
    "type": "typography"
  },
  "body-2-bold": {
    "value": {
      "fontFamily": "{primitive.font-family.Roboto}",
      "fontWeight": "{primitive.font-weight.bold}",
      "fontSize": "{primitive.font-size.md}",
      "lineHeight": "{primitive.font-size.md}+{primitive.line-height.multiplier}",
      "letterSpacing": "{primitive.letter-spacing.none}"
    },
    "type": "typography"
  },
  "label-regular": {
    "value": {
      "fontFamily": "{primitive.font-family.Roboto}",
      "fontWeight": "{primitive.font-weight.regular}",
      "fontSize": "{primitive.font-size.sm}",
      "lineHeight": "{primitive.font-size.sm}+{primitive.line-height.multiplier}",
      "letterSpacing": "{primitive.letter-spacing.none}"
    },
    "type": "typography"
  },
  "label-medium": {
    "value": {
      "fontFamily": "{primitive.font-family.Roboto}",
      "fontWeight": "{primitive.font-weight.medium}",
      "fontSize": "{primitive.font-size.sm}",
      "lineHeight": "{primitive.font-size.sm}+{primitive.line-height.multiplier}",
      "letterSpacing": "{primitive.letter-spacing.none}"
    },
    "type": "typography"
  },
  "label-bold": {
    "value": {
      "fontFamily": "{primitive.font-family.Roboto}",
      "fontWeight": "{primitive.font-weight.bold}",
      "fontSize": "{primitive.font-size.sm}",
      "lineHeight": "{primitive.font-size.sm}+{primitive.line-height.multiplier}",
      "letterSpacing": "{primitive.letter-spacing.none}"
    },
    "type": "typography"
  }
}